Date,degC,CO2
2019-04-21 10:35:28,11.32,375.1
2019-04-21 12:35:25,11.26,354.5
2019-04-21 14:35:31,11.26,350.8
2019-04-21 16:35:28,11.08,354.4
2019-04-21 17:35:31,11.1,345.1
2019-04-21 18:35:25,11.08,345.6
2019-04-21 20:35:31,11.01,343.4
2019-04-21 22:35:28,11.1,344.1
2019-04-22 00:35:25,10.83,340.5
2019-04-22 02:35:31,11.08,345.7
2019-04-22 04:35:28,11.08,346.1
2019-04-22 05:35:31,11.03,343.8
2019-04-22 06:35:34,11.01,339.2
2019-04-22 07:35:28,11.19,342.3
2019-04-22 08:35:31,11.21,335.1
2019-04-22 09:35:25,11.21,335.3
2019-04-22 10:35:28,11.21,335.3
2019-04-22 11:35:31,11.26,334.8
2019-04-22 12:35:34,11.08,339.3
2019-04-22 13:35:28,10.94,333.9
2019-04-22 14:35:31,10.96,334.9
2019-04-22 15:35:25,11.03,340
2019-04-22 16:35:28,11.05,332.7
2019-04-22 18:35:25,11.08,325.2
2019-04-22 20:35:31,11.01,313.4
2019-04-22 22:35:28,11.21,314
2019-04-23 00:35:25,11.1,318
2019-04-23 02:35:31,11.37,299.7
2019-04-23 04:35:28,11.05,305.3
2019-04-23 06:35:25,11.01,328.4
2019-04-23 08:35:31,11.1,317.2
2019-04-23 10:35:28,11.03,313.2
2019-04-23 12:35:25,11.03,325.2
2019-04-23 14:35:31,11.14,308.3
2019-04-23 16:35:28,11.28,307.6
2019-04-23 18:35:25,11.08,315.3
2019-04-23 20:35:31,11.14,304.8
2019-04-23 22:35:28,11.57,285
2019-04-24 00:35:25,11.21,286.4
2019-04-24 02:35:31,11.5,299.1
2019-04-24 04:35:28,11.21,297.9
2019-04-24 06:35:25,11.32,293
2019-04-24 08:35:31,11.23,297.7
2019-04-24 10:35:28,11.32,302.2
2019-04-24 12:35:25,11.52,301.4
2019-04-24 14:35:31,11.52,300.1
2019-04-24 16:35:28,11.35,299.5
2019-04-24 18:35:25,11.37,295.2
2019-04-24 20:35:31,11.39,289.1
2019-04-24 22:35:28,11.46,285.9
2019-04-25 00:35:25,11.17,316
2019-04-25 02:35:31,11.59,291.4
2019-04-25 04:35:28,11.32,294.6
2019-04-25 06:35:25,11.19,311.4
2019-04-25 08:35:31,11.1,318.8
2019-04-25 10:35:28,11.03,318.3
2019-04-25 12:35:25,10.54,381.1
2019-04-25 14:35:22,10.67,340.9
2019-04-25 16:35:28,10.61,391.6
2019-04-25 18:35:25,10.29,462.8
2019-04-25 20:35:31,10.72,371.6
2019-04-25 22:35:19,10.83,378.5
2019-04-26 00:35:25,10.72,409
2019-04-26 02:35:31,10.52,439.6
2019-04-26 04:35:28,10.27,472.5
2019-04-26 06:35:25,10.29,536.1
2019-04-26 08:35:22,9.98,554.8
2019-04-26 10:35:28,9.45,659.1
2019-04-26 12:35:25,10.09,562.3
2019-04-26 14:35:22,10.05,508.6
2019-04-26 16:35:28,9.76,560.1
2019-04-26 18:35:25,9.85,564.2
2019-04-26 20:35:22,10.18,495.1
2019-04-26 22:35:28,10.05,540
2019-04-27 00:35:25,10.49,506.3
2019-04-27 02:35:22,10.47,472.6
2019-04-27 04:35:28,10.45,460.6
2019-04-27 06:35:25,10.49,469.1
2019-04-27 08:35:31,10.58,479
2019-04-27 10:35:28,10.09,537
2019-04-27 14:35:22,9.76,610.5
2019-04-27 16:35:28,10.2,544.7
2019-04-27 18:35:25,10.2,543.6
2019-04-27 20:35:22,10.14,562.6
2019-04-27 22:35:28,10.18,563.4
2019-04-28 00:35:25,10.07,597.8
2019-04-28 02:35:31,10.11,611.8
2019-04-28 04:35:28,10.02,618.2
2019-04-28 06:35:25,9.85,626
2019-04-28 08:35:31,9.27,744.3
2019-04-28 10:35:28,9.36,714
2019-04-28 12:35:25,8.98,840.2
2019-04-28 14:35:31,9.4,714.3
2019-04-28 16:35:28,9.38,718.8
2019-04-28 18:35:25,9.58,691.1
2019-04-28 20:35:31,9.56,687.8
2019-04-28 22:35:19,9.71,673.9
2019-04-29 00:35:25,9.62,685.6
2019-04-29 02:35:22,9.6,724
2019-04-29 04:35:28,9.74,702.8
2019-04-29 06:35:25,9.16,795.6
2019-04-29 08:35:22,8.71,884.3
2019-04-29 10:35:28,9.07,809.7
2019-04-29 12:35:25,9.18,778.1
2019-04-29 14:35:22,8.82,873.6
2019-04-29 16:35:28,9.2,781.1
2019-04-29 18:35:25,9.22,755.7
2019-04-29 20:35:31,9.05,809.1
2019-04-29 22:35:28,9.02,851.6
2019-04-30 00:35:25,9.25,826.5
2019-04-30 02:35:22,9.2,841.1
2019-04-30 04:35:19,8.93,871
2019-04-30 06:35:25,8.51,984
2019-04-30 08:35:22,8.76,937.3
2019-04-30 10:35:28,7.87,1094.5
2019-04-30 12:35:25,8.31,1006.7
2019-04-30 14:35:22,7.94,1081.4
2019-04-30 16:35:19,8.27,1032.7
2019-04-30 18:35:25,8.91,880.5
2019-04-30 20:35:22,8.82,854.8
2019-04-30 22:35:28,9.13,826.4
2019-05-01 00:35:25,9.36,777.3
2019-05-01 02:35:22,9.11,809.6
2019-05-01 04:35:19,9.13,810
2019-05-01 08:35:22,9.2,794.7
2019-05-01 10:35:28,9.13,797.3
2019-05-01 12:35:25,9.25,776.8
2019-05-01 14:35:22,9.49,680.6
2019-05-01 16:35:28,9.49,635.6
2019-05-01 18:35:25,9.69,603.6
2019-05-01 20:35:22,9.71,566.6
2019-05-01 22:35:28,9.53,634.9
2019-05-02 00:35:25,10,539.1
2019-05-02 02:35:22,9.2,766.7
2019-05-02 04:35:19,9.62,624.3
2019-05-02 06:35:25,9.22,736.9
2019-05-02 08:35:22,9.07,795.7
2019-05-02 10:35:19,9.25,729.8
2019-05-02 12:35:25,9.45,664.7
2019-05-02 14:35:22,9.33,734.2
2019-05-02 16:35:19,9.62,592.9
2019-05-02 18:35:25,9.42,652.7
2019-05-02 20:35:22,9.56,591.6
2019-05-02 22:35:28,9.56,565.9
2019-05-03 00:35:25,9.91,576.3
2019-05-03 02:35:22,9.47,624.8
2019-05-03 04:35:19,8.93,808
2019-05-03 06:35:25,9.07,750.6
2019-05-03 08:35:22,9.49,610.3
2019-05-03 10:35:19,9.29,637.9
2019-05-03 12:35:25,9.8,674.9
2019-05-03 14:35:22,8.58,914.8
2019-05-03 16:35:19,8.71,875.5
2019-05-03 18:35:25,8.69,871.2
2019-05-03 20:35:22,9.13,765.2
2019-05-03 22:35:19,9.53,725.6
2019-05-04 00:35:25,9.38,733
2019-05-04 02:35:22,9.02,827.5
2019-05-04 04:35:19,8.85,892.9
2019-05-04 06:35:25,8.89,901.1
2019-05-04 08:35:22,8.96,893.5
2019-05-04 10:35:28,8.8,850.9
2019-05-04 12:35:25,8.27,1017
2019-05-04 14:35:22,8.11,1064.2
2019-05-04 18:35:25,8.82,897.3
2019-05-04 20:35:22,8.91,774.9
2019-05-04 22:35:19,8.56,891.2
2019-05-05 00:35:25,8.49,956.9
2019-05-05 02:35:22,8.45,987.7
2019-05-05 04:35:19,8.36,1002.4
2019-05-05 06:35:25,8.42,995.7
2019-05-05 08:35:22,8.2,1015
2019-05-05 10:35:28,8.49,994.6
2019-05-05 12:35:25,7.85,1105.1
2019-05-05 14:35:22,7.87,1112.2
2019-05-05 16:35:19,7.98,1038.6
2019-05-05 18:35:25,8.18,979.1
2019-05-05 20:35:22,8.29,942.6
2019-05-05 22:35:19,8.31,986.4
2019-05-06 00:35:25,8.33,966.3
2019-05-06 02:35:22,8.29,946.4
2019-05-06 04:35:28,8.16,986.8
2019-05-06 06:35:25,8.02,1018.2
2019-05-06 08:35:22,7.98,1025.3
2019-05-06 10:35:19,7.82,1055.9
2019-05-06 12:35:25,7.78,1016.7
2019-05-06 14:35:22,7.69,1041
2019-05-06 16:35:19,7.38,1105.5
2019-05-06 18:35:25,7.63,1053.3
2019-05-06 20:35:22,7.65,999.3
2019-05-06 22:35:19,7.71,987.8
2019-05-07 00:35:25,7.78,962.3
2019-05-07 02:35:22,7.89,956.7
2019-05-07 04:35:19,7.87,960.6
2019-05-07 06:35:25,7.82,965.2
2019-05-07 08:35:22,7.91,951.1
2019-05-07 10:35:19,7.98,971.1
2019-05-07 12:35:16,7.91,952
2019-05-07 14:35:22,7.78,967.7
2019-05-07 16:35:19,7.67,1001
2019-05-07 18:35:16,7.78,959.3
2019-05-07 20:35:22,8.07,862.2
2019-05-07 22:35:19,8.33,803
2019-05-08 00:35:16,8.2,834.2
2019-05-08 02:35:22,8.02,895.7
2019-05-08 04:35:19,7.87,959.8
2019-05-08 06:35:16,7.8,981.6
2019-05-08 08:35:22,7.85,966.9
2019-05-08 10:35:19,7.87,942.5
2019-05-08 12:35:16,8.02,899.5
2019-05-08 14:35:22,7.54,1061.8
2019-05-08 16:35:19,7.63,1035.6
2019-05-08 18:35:25,7.8,963.1
2019-05-08 20:35:22,8.2,764.1
2019-05-08 22:35:19,7.82,927
2019-05-09 00:35:16,7.58,987.3
2019-05-09 02:35:13,7.71,1019.7
2019-05-09 04:35:19,8,871.2
2019-05-09 06:35:25,7.94,911.2
2019-05-09 08:35:22,8.45,713
2019-05-09 10:35:19,8.22,809.4
2019-05-09 12:35:16,8.18,791.6
2019-05-09 14:35:22,7.8,911.2
2019-05-09 15:00:08,7.76,948.6
2019-05-09 16:35:19,7.98,994.1
2019-05-09 18:00:08,7.85,938.7
2019-05-09 18:35:16,8.13,903.4
2019-05-09 20:35:22,8.36,677.8
2019-05-09 21:00:08,7.87,901.8
2019-05-09 22:35:19,8.38,677.3
2019-05-10 00:00:08,8.47,610.3
2019-05-10 00:35:16,8.36,658.3
2019-05-10 02:35:22,7.98,932.9
2019-05-10 03:00:08,7.89,940.9
2019-05-10 04:35:19,7.8,1002.1
2019-05-10 06:00:08,8.76,598.3
2019-05-10 06:35:16,8.71,600
2019-05-10 08:35:22,8.11,824.5
2019-05-10 09:00:08,8,919.4
2019-05-10 10:35:19,8.11,772.7
2019-05-10 12:00:08,7.94,916.1
2019-05-10 12:35:25,7.89,947.8
2019-05-10 14:35:22,8.33,756.3
2019-05-10 15:00:08,7.89,861.9
2019-05-10 16:35:19,8.51,661.8
2019-05-10 18:00:08,8.27,696.5
2019-05-10 18:35:16,8.11,769.3
2019-05-10 20:35:22,8.18,707.8
2019-05-10 21:00:08,8.58,608.1
2019-05-10 22:35:19,8.09,753.1
2019-05-11 00:00:08,8.09,839.4
2019-05-11 00:35:16,8.07,824.1
2019-05-11 02:35:13,8.76,620.4
2019-05-11 03:00:08,8.56,660.1
2019-05-11 04:35:19,8.31,791
2019-05-11 06:00:08,8.22,827.2
2019-05-11 06:35:16,8.6,775.6
2019-05-11 08:35:22,8.38,808.9
2019-05-11 09:00:08,7.82,988.4
2019-05-11 10:35:19,8.42,930.2
2019-05-11 12:00:08,8.69,678.8
2019-05-11 12:35:16,8.11,914.8
2019-05-11 14:35:22,8.07,799.9
2019-05-11 15:00:08,8.02,868.5
2019-05-11 16:35:19,8.09,737.7
2019-05-11 18:00:08,8.07,869.8
2019-05-11 18:35:16,7.87,953.9
2019-05-11 20:35:22,8.05,822.6
2019-05-11 21:00:08,8.31,760.1
2019-05-11 22:35:19,8.13,805
2019-05-12 00:00:08,8.13,693
2019-05-12 00:35:16,8.16,731.3
2019-05-12 02:35:22,8.27,808.8
2019-05-12 03:00:08,8.36,801.2
2019-05-12 04:35:19,8.42,742.5
2019-05-12 06:00:08,8.76,615.4
2019-05-12 06:35:16,8.96,577.8
2019-05-12 08:35:13,8.13,838.8
2019-05-12 09:00:08,8.36,704.1
2019-05-12 10:35:19,8.2,809.2
2019-05-12 12:00:08,8.62,844
2019-05-12 12:35:16,8.05,957.5
2019-05-12 14:35:22,9.53,597.7
2019-05-12 15:00:08,8.82,665.3
2019-05-12 16:35:19,8.89,662.1
2019-05-12 18:00:08,8.8,555.6
2019-05-12 18:35:16,8.4,774.1
2019-05-12 20:35:13,8.13,916.8
2019-05-12 21:00:08,8.07,954.6
2019-05-12 22:35:19,8.16,865.1
2019-05-13 00:00:08,8.85,556
2019-05-13 00:35:16,8.6,578
2019-05-13 02:35:22,9.2,525.4
2019-05-13 03:00:08,9.31,463.5
2019-05-13 04:35:19,8.65,615
2019-05-13 06:00:08,8.49,673.3
2019-05-13 06:35:16,8.67,845.8
2019-05-13 08:35:22,8.13,922.3
2019-05-13 09:00:08,9.4,824.5
2019-05-13 10:35:19,8.6,676.3
2019-05-13 12:00:08,8.91,597.8
2019-05-13 12:35:16,9.05,536.1
2019-05-13 14:35:22,8.33,799.1
2019-05-13 15:00:08,8.38,703.5
2019-05-13 16:35:19,8.8,615.7
2019-05-13 18:35:16,9.16,626.8
2019-05-13 20:35:13,9.96,392.9
2019-05-13 21:00:08,9.76,358.7
2019-05-13 22:35:19,9.58,413.2
2019-05-14 00:00:08,8.78,556.2
2019-05-14 00:35:16,8.36,764.1
2019-05-14 02:35:13,9.25,441.2
2019-05-14 03:00:08,8.49,725.1
2019-05-14 04:35:19,8.67,686.9
2019-05-14 06:00:08,8.89,489
2019-05-14 06:35:16,9,475.8
2019-05-14 08:35:13,8.93,589.1
2019-05-14 09:00:08,8.85,600.5
2019-05-14 10:35:19,8.6,703.7
2019-05-14 12:00:08,8.11,922.5
2019-05-14 12:35:16,9.45,682.9
2019-05-14 14:35:13,9.33,481
2019-05-14 15:00:08,9,588.7
2019-05-14 16:35:19,8.8,659.4
2019-05-14 18:00:08,9.2,642.9
2019-05-14 18:35:16,9,401.8
2019-05-14 20:35:13,10.23,329.2
2019-05-14 21:00:08,10.02,325.9
2019-05-14 22:35:19,9.22,580.5
2019-05-15 00:00:08,8.18,834.7
2019-05-15 00:35:16,8.2,845.7
2019-05-15 02:35:13,10.34,333.1
2019-05-15 03:00:08,10.9,324.3
2019-05-15 04:35:19,9.56,459.7
2019-05-15 06:00:08,9.29,520.5
2019-05-15 06:35:16,9.51,491.2
2019-05-15 08:35:13,10.16,359.8
2019-05-15 09:00:08,10.14,349.2
2019-05-15 10:35:19,10.23,353.8
2019-05-15 12:00:08,10.47,345.6
2019-05-15 12:35:16,9.96,364.4
2019-05-15 14:35:13,11.55,237.8
2019-05-15 15:00:08,11.05,335
2019-05-15 16:35:19,11.39,244.4
2019-05-15 18:00:08,11.23,233.2
2019-05-15 18:35:16,11.17,228.3
2019-05-15 20:35:22,11.12,222.5
2019-05-15 21:00:08,10.85,281.1
2019-05-15 22:35:19,10.81,250.5
2019-05-16 00:00:08,11.59,204.9
2019-05-16 00:35:16,11.57,194.8
2019-05-16 02:35:13,11.5,205.2
2019-05-16 03:00:08,11.64,184.6
2019-05-16 04:35:19,11.08,206.2
2019-05-16 06:00:08,10.99,199.3
2019-05-16 06:35:16,10.96,193
2019-05-16 08:35:22,11.35,204.6
2019-05-16 09:00:08,11.32,192.7
2019-05-16 10:35:19,11.14,235.4
2019-05-16 12:00:08,10.94,263.6
2019-05-16 12:35:16,10.85,279.6
2019-05-16 14:35:13,10.83,247.9
2019-05-16 15:00:08,10.81,226.4
2019-05-16 16:35:19,10.9,203.8
2019-05-16 18:00:08,11.52,210.9
2019-05-16 18:35:16,11.35,212.9
2019-05-16 20:35:13,10.94,211.7
2019-05-16 21:00:08,10.9,208
2019-05-16 22:35:19,10.87,192.2
2019-05-17 00:00:08,10.76,185.8
2019-05-17 00:35:16,10.78,179.7
2019-05-17 02:35:13,11.41,191.6
2019-05-17 03:00:08,11.19,191.6
2019-05-17 04:35:19,10.94,196
2019-05-17 06:00:08,10.94,198.8
2019-05-17 06:35:16,10.94,198.6
2019-05-17 08:35:13,11.17,200.2
2019-05-17 09:00:08,11.1,200.3
2019-05-17 10:35:19,10.94,188.1
2019-05-17 12:00:08,10.78,189.3
2019-05-17 12:35:16,10.78,184.6
2019-05-17 14:35:22,11.1,197.4
2019-05-17 15:00:08,11.5,200.8
2019-05-17 16:35:19,11.23,195.5
2019-05-17 18:00:08,11.23,189.8
2019-05-17 18:35:16,11.19,185.6
2019-05-17 20:35:13,10.94,232.9
2019-05-17 21:00:08,10.94,232.2
2019-05-17 22:35:11,11.03,223.1
2019-05-18 00:35:16,12.09,162.2
2019-05-18 02:35:13,11.21,195
2019-05-18 03:00:08,11.23,183.3
2019-05-18 04:35:19,11.39,167.9
2019-05-18 06:00:08,11.46,172.8
2019-05-18 06:35:16,12.27,174.6
2019-05-18 08:35:22,11.5,172.2
2019-05-18 09:00:08,11.75,169.8
2019-05-18 10:35:19,11.41,183.8
2019-05-18 12:00:08,11.3,178.1
2019-05-18 12:35:16,11.82,169.4
2019-05-18 14:35:13,12.31,164.5
2019-05-18 15:00:08,12.31,161.9
2019-05-18 16:35:19,11.61,157.3
2019-05-18 18:00:08,11.35,165.6
2019-05-18 18:35:16,11.48,166.1
2019-05-18 20:35:13,11.79,165
2019-05-18 21:00:08,12.13,165.6
2019-05-18 22:35:11,12.25,158.5
2019-05-19 00:00:08,12.31,161.5
2019-05-19 00:35:16,12.38,158
2019-05-19 02:35:13,12.43,157.9
2019-05-19 03:00:08,12.34,159.1
2019-05-19 04:35:19,12.2,161.6
2019-05-19 06:00:08,12.02,164.4
2019-05-19 06:35:16,12,165.3
2019-05-19 08:35:13,11.84,180.6
2019-05-19 09:00:08,11.86,178.2
2019-05-19 10:35:19,11.82,181.6
2019-05-19 12:00:08,11.84,184.3
2019-05-19 12:35:16,11.82,184.4
2019-05-19 14:35:13,11.77,186.9
2019-05-19 15:00:08,11.75,187.4
2019-05-19 16:35:19,11.68,189.9
2019-05-19 18:00:08,11.75,188.4
2019-05-19 18:35:16,11.77,186.6
2019-05-19 20:35:13,11.82,186.6
2019-05-19 21:00:08,11.79,185.4
2019-05-19 22:35:19,11.73,182.7
2019-05-20 00:00:08,11.73,180.7
2019-05-20 00:35:16,11.84,180.3
2019-05-20 02:35:13,12.22,197.6
2019-05-20 03:00:08,12.25,200.7
2019-05-20 04:35:19,12.09,198.6
2019-05-20 06:00:08,11.97,193.5
2019-05-20 06:35:16,11.91,189.7
2019-05-20 08:35:13,11.7,188.4
2019-05-20 09:00:08,11.75,186.8
2019-05-20 10:35:19,11.95,187
2019-05-20 12:00:08,12,185.4
2019-05-20 12:35:16,12.02,184
2019-05-20 14:35:13,12.02,189.1
2019-05-20 15:00:08,12.09,188.1
2019-05-20 16:35:19,12.16,197.4
2019-05-20 18:00:08,12.11,192.6
2019-05-20 18:35:16,12,188
2019-05-20 20:35:13,12,183.2
2019-05-20 21:00:08,12.16,183.3
2019-05-20 22:35:19,12.2,182.9
2019-05-21 00:00:08,12.16,182.8
2019-05-21 00:35:16,12.16,182.7
2019-05-21 02:35:13,12.58,193.2
2019-05-21 03:00:08,12.56,193.5
2019-05-21 04:35:19,12.38,187.1
2019-05-21 06:00:08,12.27,192.5
2019-05-21 06:35:16,12.06,185.8
2019-05-21 08:35:13,12.04,181.7
2019-05-21 09:00:08,11.95,180
2019-05-21 10:35:19,12.04,184.9
2019-05-21 12:00:08,12,180.5
2019-05-21 12:35:16,12.25,184.1
2019-05-21 14:35:13,12.34,193.5
2019-05-21 15:00:08,12.25,191.8
2019-05-21 16:35:19,12.38,192
2019-05-21 18:00:08,12.31,210.3
2019-05-21 18:35:16,12.34,203.9
2019-05-21 20:35:13,12.67,192.2
2019-05-21 21:00:08,12.67,191
2019-05-21 22:35:11,12.77,194.2
2019-05-22 00:00:08,12.7,195.1
2019-05-22 00:35:16,12.7,194.3
2019-05-22 02:35:13,12.61,205
2019-05-22 03:00:08,12.61,206.9
2019-05-22 04:35:19,12.52,191.3
2019-05-22 06:35:16,12.43,198
2019-05-22 08:35:13,12.27,213.4
2019-05-22 09:00:08,12.27,213.2
2019-05-22 10:35:19,12.27,213.5
2019-05-22 12:00:08,12.27,214.9
2019-05-22 12:35:16,12.25,213.5
2019-05-22 14:35:13,12.25,216.5
2019-05-22 15:00:08,12.22,217.5
2019-05-22 16:35:19,12.27,215.1
2019-05-22 18:00:08,12.25,216.1
2019-05-22 18:35:16,12.25,216.4
2019-05-22 20:35:13,12.27,216.3
2019-05-22 21:00:08,12.27,221.5
2019-05-22 22:35:11,12.13,232.9
2019-05-23 00:00:08,12.16,231.1
2019-05-23 00:35:16,12.18,230
2019-05-23 02:35:13,12.34,237.4
2019-05-23 03:00:08,12.45,242.4
2019-05-23 04:35:19,12.43,245.6
2019-05-23 06:00:08,12.34,234.8
2019-05-23 06:35:16,12.29,232.2
2019-05-23 08:35:13,12.27,229.1
2019-05-23 09:00:08,12.27,226.1
2019-05-23 10:35:19,12.25,222.4
2019-05-23 12:00:08,12.34,222.3
2019-05-23 12:35:16,12.31,218.6
2019-05-23 14:35:13,12.49,238.7
2019-05-23 15:00:08,12.52,243.6
2019-05-23 16:35:11,12.45,243.2
2019-05-23 18:00:08,12.49,229.9
2019-05-23 18:35:16,12.54,242
2019-05-23 20:35:13,12.31,268.2
2019-05-23 21:00:08,12.25,269.2
2019-05-23 22:35:19,12.06,265
2019-05-24 00:00:08,12.16,270.6
2019-05-24 00:35:16,12.18,270.6
2019-05-24 02:35:13,12.31,264.7
2019-05-24 03:00:08,12.11,264.4
2019-05-24 04:35:19,12.22,256.9
2019-05-24 06:00:08,12.13,250.4
2019-05-24 06:35:16,12.16,249
2019-05-24 08:35:13,12.2,255.5
2019-05-24 09:00:08,12.16,254.9
2019-05-24 10:35:11,12.18,253.5
2019-05-24 12:00:08,11.77,259.3
2019-05-24 12:35:16,11.91,259.5
2019-05-24 14:35:13,11.64,267
2019-05-24 15:00:08,11.64,269.1
2019-05-24 16:35:19,11.91,273.4
2019-05-24 18:00:08,11.64,246.4
2019-05-24 18:35:16,11.52,250.5
2019-05-24 20:35:13,11.32,262.8
2019-05-24 21:00:08,11.26,264.9
2019-05-24 22:35:19,11.46,262.5
2019-05-25 00:00:08,11.88,266.5
2019-05-25 00:35:16,11.79,265.5
2019-05-25 02:35:13,11.28,264
2019-05-25 03:00:08,11.19,268.1
2019-05-25 04:35:19,11.68,261
2019-05-25 06:00:08,11.93,267.6
2019-05-25 06:35:16,11.88,261.8
2019-05-25 08:35:13,11.88,250.7
2019-05-25 09:00:08,11.93,241.9
2019-05-25 10:35:19,11.73,231.1
2019-05-25 12:00:08,12.02,244.9
2019-05-25 12:35:08,11.68,219.4
2019-05-25 14:35:13,12,240.2
2019-05-25 15:00:08,12,230.5
2019-05-25 16:35:19,12.16,240.7
2019-05-25 18:00:08,12.13,239.4
2019-05-25 18:35:16,11.77,238.1
2019-05-25 20:35:13,11.86,246
2019-05-25 21:00:08,11.82,238.9
2019-05-25 22:35:11,11.97,247.5
2019-05-26 00:00:08,11.95,247.7
2019-05-26 00:35:16,11.95,249.4
2019-05-26 02:35:13,11.93,248.5
2019-05-26 03:00:08,11.39,231.2
2019-05-26 04:35:19,11.1,245.9
2019-05-26 06:00:08,11.17,245.9
2019-05-26 06:35:16,11.08,256.3
2019-05-26 08:35:13,11.14,246.7
2019-05-26 09:00:08,11.26,250
2019-05-26 10:35:19,11.32,253.1
2019-05-26 12:35:16,11.55,273.9
2019-05-26 14:35:13,11.57,298.6
2019-05-26 15:00:08,11.01,292.7
2019-05-26 16:35:11,10.52,357.2
2019-05-26 18:00:08,10.56,351.8
2019-05-26 18:35:16,10.63,342.5
2019-05-26 20:35:13,11.64,302.5
2019-05-26 21:00:08,11.26,297.9
2019-05-26 22:35:11,10.32,334.7
2019-05-27 00:00:08,10.99,314.5
2019-05-27 00:35:16,10.9,320.4
2019-05-27 02:35:13,10.96,320.8
2019-05-27 03:00:08,10.76,325.1
2019-05-27 04:35:11,10.96,317.6
2019-05-27 06:00:08,10.92,318.6
2019-05-27 06:35:16,10.52,346.3
2019-05-27 08:35:13,10.45,342.9
2019-05-27 09:00:08,10.47,323.7
2019-05-27 10:35:11,10.52,314.1
2019-05-27 12:00:08,10.63,325
2019-05-27 12:35:16,10.52,324.8
2019-05-27 14:35:13,10.87,306.8
2019-05-27 15:00:08,10.92,304.1
2019-05-27 16:35:11,10.63,310.3
2019-05-27 18:00:08,10.38,336
2019-05-27 18:35:16,10.78,313.5
2019-05-27 20:35:13,11.14,307.4
2019-05-27 21:00:08,11.19,300.8
2019-05-27 22:35:11,11.17,308.7
2019-05-28 00:00:08,10.87,323.3
2019-05-28 00:35:16,10.52,332.3
2019-05-28 02:35:13,10.85,325.2
2019-05-28 03:00:08,10.94,317.1
2019-05-28 04:35:11,11.1,310.1
2019-05-28 06:00:08,11.21,308.9
2019-05-28 06:35:16,11.21,308
2019-05-28 08:35:13,11.12,310.2
2019-05-28 09:00:08,11.14,308
2019-05-28 10:35:11,10.72,328.1
2019-05-28 12:00:08,10.61,341.8
2019-05-28 12:35:16,10.67,328.7
2019-05-28 14:35:13,10.72,353.3
2019-05-28 15:00:08,10.49,371.4
2019-05-28 16:35:11,11.12,325.4
2019-05-28 18:00:08,11.39,299.1
2019-05-28 18:35:16,11.48,295.3
2019-05-28 20:35:13,11.1,313.1
2019-05-28 21:00:08,11.1,307.7
2019-05-28 22:35:19,11.17,315.4
2019-05-29 00:00:08,10.72,328.4
2019-05-29 00:35:16,10.76,346.7
2019-05-29 02:35:13,10.76,345.6
2019-05-29 03:00:08,10.99,336.4
2019-05-29 04:35:11,11.37,306
2019-05-29 06:00:08,11.35,307.4
2019-05-29 06:35:16,11.84,301.6
2019-05-29 08:35:13,11.41,298.4
2019-05-29 09:00:08,11.37,322.7
2019-05-29 10:35:11,10.63,371.8
2019-05-29 12:00:08,11.01,340.3
2019-05-29 12:35:16,10.85,325.7
2019-05-29 14:35:13,11.19,333.7
2019-05-29 15:00:08,11.28,313.3
2019-05-29 16:35:11,11.3,354.5
2019-05-29 18:00:08,11.55,289.2
2019-05-29 18:35:16,12,295.1
2019-05-29 20:35:13,11.48,316
2019-05-29 21:00:08,11.37,306.2
2019-05-29 22:35:19,10.9,366.3
2019-05-30 00:00:08,10.81,368.1
2019-05-30 00:35:16,10.85,355.9
2019-05-30 02:35:13,11.73,302.7
2019-05-30 03:00:08,12.02,294.4
2019-05-30 04:35:11,11.79,298.2
2019-05-30 06:00:08,12.34,296
2019-05-30 06:35:16,11.37,301.1
2019-05-30 08:35:13,11.52,319.6
2019-05-30 09:00:08,11.57,308.2
2019-05-30 10:35:11,11.1,336.4
2019-05-30 12:00:08,10.9,362.7
2019-05-30 12:35:16,11.19,350.5
2019-05-30 14:35:13,11.41,322.3
2019-05-30 15:00:08,11.52,344.5
2019-05-30 16:35:11,11.73,304.4
2019-05-30 18:35:16,11.82,291.3
2019-05-30 20:35:13,11.86,307.2
2019-05-30 21:00:08,11.77,313
2019-05-30 22:35:11,11.91,315.4
2019-05-31 00:00:08,11.46,326.7
2019-05-31 00:35:16,11.59,313.7
2019-05-31 02:35:13,11.77,298.6
2019-05-31 03:00:08,12.2,301.3
2019-05-31 04:35:11,12.16,314.5
2019-05-31 06:00:08,12.09,320.3
2019-05-31 06:35:16,11.46,326.3
2019-05-31 08:35:13,11.77,348
2019-05-31 09:00:08,11.48,366.9
2019-05-31 10:35:11,10.47,404
2019-05-31 12:00:08,10.45,414.2
2019-05-31 12:35:16,10.54,401.4
2019-05-31 14:35:13,10.29,436
2019-05-31 15:00:08,10.34,449
2019-05-31 16:35:11,10.52,414.4
2019-05-31 18:00:08,11.08,393.5
2019-05-31 18:35:16,10.87,385.5
2019-05-31 20:35:13,11.3,375.5
2019-05-31 21:00:08,10.83,383.7
2019-05-31 22:35:11,10.49,433.9
2019-06-01 00:00:08,10.4,458.2
2019-06-01 00:35:16,11.3,438.1
2019-06-01 02:35:13,10.49,417.1
2019-06-01 03:00:08,10.52,435
2019-06-01 04:35:11,10.58,419.2
2019-06-01 06:00:08,9.45,509.1
2019-06-01 06:35:08,9.87,556.2
2019-06-01 08:35:13,9.11,560.7
2019-06-01 09:00:08,9.38,572.3
2019-06-01 10:35:11,9.62,556.7
2019-06-01 12:00:08,9.67,609.7
2019-06-01 12:35:16,9.87,520.4
2019-06-01 14:35:13,9.22,580.4
2019-06-01 15:00:08,8.98,629
2019-06-01 16:35:11,9.29,563.9
2019-06-01 18:00:08,10.11,542.5
2019-06-01 18:35:08,9.53,561.1
2019-06-01 20:35:13,9.8,609.4
2019-06-01 21:00:08,9,687.6
2019-06-01 22:35:11,10.29,565.9
2019-06-02 00:00:08,8.98,682.6
2019-06-02 00:35:16,9.74,646.2
2019-06-02 02:35:13,9.67,637.7
2019-06-02 03:00:08,9.65,641.8
2019-06-02 04:35:11,9.51,650.8
2019-06-02 06:00:08,9.49,649.4
2019-06-02 06:35:16,9.49,637.9
2019-06-02 08:35:13,9.51,641.2
2019-06-02 09:00:08,9.49,646.8
2019-06-02 10:35:11,8.93,743.3
2019-06-02 12:00:08,9.38,673.7
2019-06-02 12:35:16,9.31,695.7
2019-06-02 14:35:13,8.85,766.9
2019-06-02 15:00:08,8.8,797.1
2019-06-02 16:35:11,9.42,679.5
2019-06-02 18:00:08,9.53,665.5
2019-06-02 18:35:16,8.87,726.1
2019-06-02 20:35:13,9.42,665
2019-06-02 21:00:08,9.76,658.2
2019-06-02 22:35:11,8.8,818.2
2019-06-03 00:00:08,9.16,744.6
2019-06-03 00:35:16,8.87,818.6
2019-06-03 02:35:13,9.05,778.5
2019-06-03 03:00:08,9,788.7
2019-06-03 04:35:11,8.96,800.1
2019-06-03 06:00:08,8.93,803
2019-06-03 06:35:16,8.93,813.3
2019-06-03 08:35:13,8.91,815.6
2019-06-03 09:00:08,8.91,814.6
2019-06-03 10:35:11,8.93,823.4
2019-06-03 12:00:08,8.87,818.7
2019-06-03 12:35:16,8.8,839.3
2019-06-03 14:35:13,9.2,817
2019-06-03 15:00:08,9.18,820.4
2019-06-03 16:35:11,9.18,857.3
2019-06-03 18:00:08,9.25,823.6
2019-06-03 18:35:16,9.2,822
2019-06-03 20:35:13,9.45,808.9
2019-06-03 21:00:08,9.47,806.5
2019-06-03 22:35:11,9.02,811
2019-06-04 00:35:16,9.27,743.9
2019-06-04 02:35:13,9.16,764.2
2019-06-04 03:00:08,9.11,768.7
2019-06-04 04:35:11,9.2,730
2019-06-04 06:00:08,9.58,693.3
2019-06-04 06:35:08,9.47,741.2
2019-06-04 08:35:13,9.67,678.6
2019-06-04 09:00:08,9.53,705.4
2019-06-04 10:35:11,9.58,669.8
2019-06-04 12:00:08,9.33,782.2
2019-06-04 12:35:16,9.29,793.5
2019-06-04 14:35:13,9.11,845.7
2019-06-04 15:00:08,9.38,844.2
2019-06-04 16:35:11,9.36,738.3
2019-06-04 18:00:08,9.47,721.5
2019-06-04 18:35:08,9.47,731.3
2019-06-04 20:35:13,9.56,703.5
2019-06-04 21:00:08,9.91,585.8
2019-06-04 22:35:11,9.33,691.8
2019-06-05 00:00:08,9.38,685.3
2019-06-05 00:35:08,9.47,675.5
2019-06-05 02:35:13,9.38,690.6
2019-06-05 03:00:08,8.96,786.8
2019-06-05 04:35:11,9.29,715.5
2019-06-05 06:00:08,9.33,707.2
2019-06-05 06:35:08,9.27,707.5
2019-06-05 08:35:13,9.18,717.2
2019-06-05 09:00:08,9.13,727.9
2019-06-05 10:35:11,8.73,832.6
2019-06-05 12:00:08,9.09,756
2019-06-05 12:35:08,9.38,729.5
2019-06-05 14:35:13,9.07,766.3
2019-06-05 15:00:08,9.31,743.3
2019-06-05 16:35:11,9.47,729.1
2019-06-05 18:00:08,9.38,774.5
2019-06-05 18:35:16,9.38,693.5
2019-06-05 20:35:13,9.16,750.9
2019-06-05 21:00:08,9.22,736.9
2019-06-05 22:35:11,9.36,697
2019-06-06 00:00:08,9.36,707.1
2019-06-06 00:35:08,9.2,725.1
2019-06-06 02:35:13,9.16,720.1
2019-06-06 03:00:08,8.91,785.5
2019-06-06 04:35:11,9.11,743.8
2019-06-06 06:00:08,9.2,767.2
2019-06-06 06:35:08,9.25,707.6
2019-06-06 08:35:13,9.8,611.6
2019-06-06 09:00:08,9.89,573.6
2019-06-06 10:35:11,9.76,630.8
2019-06-06 12:00:08,9.89,602.4
2019-06-06 12:35:08,10.34,515.1
2019-06-06 14:35:13,9.27,679.4
2019-06-06 15:00:08,9.98,549.3
2019-06-06 16:35:11,10.36,532.9
2019-06-06 18:00:08,10.07,574.6
2019-06-06 18:35:08,9.85,613.2
2019-06-06 20:35:13,9.51,691.7
2019-06-06 21:00:08,9.29,747
2019-06-06 22:35:11,9.29,694.6
2019-06-07 00:00:08,10.67,480.7
2019-06-07 00:35:08,10.67,496.1
2019-06-07 02:35:13,9.96,567.7
2019-06-07 03:00:08,9.65,609.2
2019-06-07 04:35:11,9.05,685.2
2019-06-07 06:00:08,9.2,730.1
2019-06-07 06:35:16,9.27,725.7
2019-06-07 08:35:13,10.4,511.1
2019-06-07 09:00:08,10.47,478.3
2019-06-07 10:35:11,10.25,507.8
2019-06-07 12:00:08,10.23,545.2
2019-06-07 12:35:08,10.27,520.4
2019-06-07 14:35:13,10.07,591.1
2019-06-07 15:00:08,9.25,720.8
2019-06-07 16:35:11,8.78,837.1
2019-06-07 18:00:08,10.09,587.5
2019-06-07 18:35:08,9.31,750.4
2019-06-07 20:35:13,10.36,496.9
2019-06-07 21:00:08,10.25,502.1
2019-06-07 22:35:11,10.49,432.2
2019-06-08 00:00:08,10.11,479.1
2019-06-08 00:35:08,10.18,455
2019-06-08 02:35:13,10.87,424.4
2019-06-08 03:00:08,10.27,426.6
2019-06-08 04:35:11,10.74,430.3
2019-06-08 06:35:08,10.63,417.6
2019-06-08 08:35:13,10.56,432.9
2019-06-08 09:00:08,10.47,425.7
2019-06-08 10:35:11,10.25,456.2
2019-06-08 12:00:08,9.82,571.1
2019-06-08 12:35:08,9.85,597.8
2019-06-08 14:35:13,10.09,450.1
2019-06-08 15:00:08,10.36,476.1
2019-06-08 16:35:11,10.27,446.9
2019-06-08 18:00:08,10.16,440.6
2019-06-08 18:35:08,9.91,531.1
2019-06-08 20:35:05,9.6,579.8
2019-06-08 21:00:08,9.67,546.7
2019-06-08 22:35:11,9.53,579.4
2019-06-09 00:00:08,10.18,502.8
2019-06-09 00:35:08,9.8,476.7
2019-06-09 02:35:05,9.85,465.5
2019-06-09 03:00:08,10.09,462.6
2019-06-09 04:35:11,10.45,419.8
2019-06-09 06:00:08,10.58,399.6
2019-06-09 06:35:08,10.67,401.4
2019-06-09 08:35:13,10.45,432.2
2019-06-09 09:00:08,10.58,467.5
2019-06-09 10:35:11,10.27,537.5
2019-06-09 12:00:08,9.8,562.5
2019-06-09 12:35:08,9.94,563.9
2019-06-09 14:35:13,10.02,575.8
2019-06-09 15:00:08,10.4,540.4
2019-06-09 16:35:11,10.4,508.1
2019-06-09 18:00:08,11.19,426.8
2019-06-09 18:35:08,10.83,440.6
2019-06-09 20:35:13,10.18,515.3
2019-06-09 21:00:08,10.02,526.7
2019-06-09 22:35:11,10.49,487.2
2019-06-10 00:00:08,9.91,519.9
2019-06-10 00:35:08,9.74,513.3
2019-06-10 02:35:13,10.76,435.4
2019-06-10 03:00:08,10.56,391.8
2019-06-10 04:35:11,10.23,516.1
2019-06-10 06:00:08,9.58,624.8
2019-06-10 06:35:08,9.67,692.9
2019-06-10 08:35:13,8.89,864.7
2019-06-10 09:00:08,9.36,757.1
2019-06-10 10:35:11,9.05,836.8
2019-06-10 12:00:08,8.73,987.6
2019-06-10 12:35:08,8.49,1035
2019-06-10 14:35:13,8.51,1143.1
2019-06-10 15:00:08,8.42,1206.4
2019-06-10 16:35:11,9.49,745.5
2019-06-10 18:00:08,9.38,676.6
2019-06-10 18:35:08,9.07,834.1
2019-06-10 20:35:13,8.49,1087.2
2019-06-10 21:00:08,8.42,1125.1
2019-06-10 22:35:11,8.67,1006.5
2019-06-11 00:00:08,8.42,1108.2
2019-06-11 00:35:08,8.47,1102
2019-06-11 02:35:13,8.49,1080.6
2019-06-11 03:00:08,9.29,943.5
2019-06-11 04:35:11,8.78,1073.9
2019-06-11 06:00:08,8.25,1135
2019-06-11 06:35:08,8.36,1145.4
2019-06-11 08:35:13,8.53,1107.3
2019-06-11 09:00:08,7.91,1218.6
2019-06-11 10:35:11,8.02,1192.6
2019-06-11 12:00:08,8.09,1177
2019-06-11 12:35:08,8.11,1174
2019-06-11 14:35:05,7.78,1258.1
2019-06-11 15:00:08,8.18,1161.9
2019-06-11 16:35:11,7.91,1199.3
2019-06-11 18:00:08,8.16,1148.3
2019-06-11 18:35:08,7.76,1248.1
2019-06-11 20:35:05,7.87,1264.1
2019-06-11 21:00:08,7.8,1172.9
2019-06-11 22:35:11,8.13,1266.6
2019-06-12 00:00:08,8.27,1154.6
2019-06-12 00:35:08,8.2,1190.2
2019-06-12 02:35:05,8.22,1211.7
2019-06-12 03:00:08,8.07,1214.8
2019-06-12 04:35:11,8.13,1192.9
2019-06-12 06:00:08,8.16,1195.1
2019-06-12 06:35:08,7.78,1222.5
2019-06-12 08:35:05,7.85,1245.1
2019-06-12 09:00:08,7.91,1225.3
2019-06-12 10:35:11,7.74,1234
2019-06-12 12:35:08,7.71,1173.2
2019-06-12 14:35:05,7.69,1207.7
2019-06-12 15:00:08,7.69,1209.1
2019-06-12 16:35:11,7.78,1202.7
2019-06-12 18:00:08,7.76,1207.8
2019-06-12 18:35:08,7.8,1200.1
2019-06-12 20:35:05,7.91,1189.6
2019-06-12 21:00:08,8.07,1179
2019-06-12 22:35:11,7.98,1163.5
2019-06-13 00:00:08,7.98,1168.4
2019-06-13 00:35:08,7.8,1163.7
2019-06-13 02:35:05,7.69,1162.4
2019-06-13 03:00:08,7.8,1162.3
2019-06-13 04:35:11,7.71,1183.5
2019-06-13 06:00:08,8,1206.9
2019-06-13 06:35:08,8,1204.8
2019-06-13 08:35:05,8.07,1210.5
2019-06-13 09:00:08,8.13,1212.1
2019-06-13 10:35:02,8.69,1092.5
2019-06-13 12:00:08,8.73,1118.2
2019-06-13 12:35:08,8.69,1112.9
2019-06-13 14:35:05,8.56,1134.1
2019-06-13 15:00:08,8.6,1134.2
2019-06-13 16:35:11,8.62,1102.9
2019-06-13 18:00:08,8.58,1121.5
2019-06-13 18:35:08,8.51,1128.7
2019-06-13 20:35:05,8.58,1119.2
2019-06-13 21:00:08,8.58,1112.5
2019-06-13 22:35:02,8.51,1150.9
2019-06-14 00:00:08,8.62,1153.6
2019-06-14 00:35:08,9.67,1131.2
2019-06-14 02:35:05,9.33,1033.2
2019-06-14 03:00:08,9.29,1033.2
2019-06-14 04:35:11,9.07,1049.1
2019-06-14 06:00:08,8.87,1084.1
2019-06-14 06:35:08,9.07,1052.7
2019-06-14 08:35:05,9.31,1027.1
2019-06-14 09:00:08,9.31,1028.4
2019-06-14 10:35:11,9.18,1038.2
2019-06-14 12:00:08,8.93,1057.7
2019-06-14 12:35:08,9.2,1027.5
2019-06-14 14:35:05,9.33,995.9
2019-06-14 15:00:08,9.16,992.3
2019-06-14 16:35:11,9,996.5
2019-06-14 18:00:08,9.2,990.4
2019-06-14 18:35:08,9.36,964.2
2019-06-14 20:35:05,9.45,953.7
2019-06-14 21:00:08,9.8,944.2
2019-06-14 22:35:11,9.76,926.1
2019-06-15 00:00:08,9.76,922.8
2019-06-15 00:35:08,9.71,917
2019-06-15 02:35:05,9.18,1017.1
2019-06-15 03:00:08,8.78,1026.5
2019-06-15 04:35:11,8.22,1088.3
2019-06-15 06:00:08,8.18,1092.7
2019-06-15 06:35:08,8.69,1052.9
2019-06-15 08:35:05,8.85,1007.1
2019-06-15 09:00:08,8.8,1012.2
2019-06-15 10:35:02,8.78,1049
2019-06-15 12:00:08,8.18,1128.4
2019-06-15 12:35:08,8.07,1158.1
2019-06-15 14:35:05,8.02,1179.8
2019-06-15 15:00:08,7.96,1204.4
2019-06-15 16:35:11,7.89,1202
2019-06-15 18:00:08,7.96,1207
2019-06-15 18:35:08,8.13,1160.8
2019-06-15 20:35:05,8.47,1128.2
2019-06-15 21:00:08,8.53,1121.1
2019-06-15 22:35:11,8.58,1103.5
2019-06-16 00:00:08,8.22,1121.2
2019-06-16 00:35:08,8.49,1102
2019-06-16 02:35:05,8.71,1037.7
2019-06-16 03:00:08,8.33,1091.7
2019-06-16 04:35:11,8.11,1124.2
2019-06-16 06:00:08,8.29,1168.6
2019-06-16 06:35:08,8.67,1070.7
2019-06-16 08:35:05,8.11,1106
2019-06-16 09:00:08,8.36,1072
2019-06-16 10:35:11,8.45,1133.9
2019-06-16 12:00:08,8.33,1136.3
2019-06-16 12:35:08,8.13,1151.9
2019-06-16 14:35:05,7.94,1204.5
2019-06-16 15:00:08,7.91,1193.7
2019-06-16 16:35:11,7.98,1166.2
2019-06-16 18:35:08,8.16,1108.5
2019-06-16 20:35:05,8.11,1138.8
2019-06-16 21:00:08,7.98,1153.2
2019-06-16 22:35:02,7.82,1180.2
2019-06-17 00:00:08,8.31,1150.2
2019-06-17 00:35:08,8.16,1155.1
2019-06-17 02:35:05,7.96,1152.1
2019-06-17 03:00:08,8.11,1151.3
2019-06-17 04:35:11,7.67,1161.4
2019-06-17 06:00:08,7.74,1188.8
2019-06-17 06:35:08,8.25,1150.6
2019-06-17 08:35:05,8,1150.2
2019-06-17 09:00:08,8.13,1150.8
2019-06-17 10:35:02,8.07,1177.8
2019-06-17 12:00:08,8,1171.1
2019-06-17 12:35:08,8.07,1154.5
2019-06-17 14:35:05,7.82,1184.1
2019-06-17 15:00:08,7.85,1177.9
2019-06-17 16:35:11,7.8,1186.7
2019-06-17 18:00:08,7.8,1192.2
2019-06-17 18:35:08,7.85,1181.9
2019-06-17 20:35:05,8,1163.7
2019-06-17 21:00:08,7.94,1176
2019-06-17 22:35:02,7.94,1178
2019-06-18 00:00:08,7.76,1185.4
2019-06-18 00:35:08,8.02,1149.9
2019-06-18 02:35:05,7.98,1160
2019-06-18 03:00:08,7.78,1193.8
2019-06-18 04:35:02,7.94,1149.4
2019-06-18 06:00:08,8.11,1150.1
2019-06-18 06:35:08,7.76,1209.8
2019-06-18 08:35:05,7.67,1224.9
2019-06-18 09:00:08,8.18,1150.6
2019-06-18 10:35:11,7.69,1246.3
2019-06-18 12:00:08,7.91,1234.4
2019-06-18 12:35:08,8.31,1160.3
2019-06-18 14:35:05,7.96,1221.8
2019-06-18 15:00:08,7.89,1214.4
2019-06-18 16:35:02,7.87,1215.9
2019-06-18 18:00:08,7.74,1270.3
2019-06-18 18:35:08,7.78,1260.8
2019-06-18 20:35:05,7.91,1245
2019-06-18 21:00:08,7.94,1248.8
2019-06-18 22:35:02,8.27,1220.3
2019-06-19 00:00:08,8.18,1206
2019-06-19 00:35:08,8.18,1194.7
2019-06-19 02:35:05,7.89,1237
2019-06-19 03:00:08,7.94,1239.5
2019-06-19 04:35:02,7.94,1259
2019-06-19 06:00:08,8.02,1224.5
2019-06-19 06:35:08,8.31,1179.8
2019-06-19 08:35:05,8.05,1220.3
2019-06-19 09:00:08,8,1225.4
2019-06-19 10:35:02,7.71,1260.8
2019-06-19 12:00:08,7.58,1274.7
2019-06-19 12:35:08,7.6,1252.5
2019-06-19 14:35:05,7.78,1220.1
2019-06-19 15:00:08,7.76,1239.4
2019-06-19 16:35:02,7.56,1274.8
2019-06-19 18:00:08,7.6,1280.4
2019-06-19 18:35:08,8.31,1180.4
2019-06-19 20:35:05,7.6,1266.5
2019-06-19 21:00:08,7.56,1281.9
2019-06-19 22:35:02,7.6,1287.8
2019-06-20 00:00:08,7.56,1279.2
2019-06-20 00:35:08,7.76,1254.1
2019-06-20 02:35:05,8.45,1127
2019-06-20 03:00:08,8.02,1164.3
2019-06-20 04:35:02,7.8,1207
2019-06-20 06:00:08,7.56,1262
2019-06-20 06:35:08,7.56,1272.9
2019-06-20 08:35:05,7.82,1202.9
2019-06-20 09:00:08,7.87,1189.9
2019-06-20 10:35:02,7.91,1162.8
2019-06-20 12:00:08,7.78,1209.6
2019-06-20 12:34:59,7.78,1180.2
2019-06-20 14:35:05,7.89,1278.1
2019-06-20 15:00:08,7.71,1223.2
2019-06-20 16:35:02,7.67,1237.9
2019-06-20 18:00:08,7.94,1225.1
2019-06-20 18:35:08,7.91,1232.6
2019-06-20 20:35:05,8.02,1246.1
2019-06-20 21:00:08,7.56,1299.9
2019-06-20 22:35:02,7.82,1299.2
2019-06-21 00:34:59,8.33,1190.6
2019-06-21 02:35:05,8.29,1190.1
2019-06-21 03:00:08,8.2,1168.5
2019-06-21 04:35:02,7.71,1221.1
2019-06-21 06:00:08,7.54,1316.5
2019-06-21 06:35:08,7.96,1210.1
2019-06-21 08:35:05,8.6,1094.6
2019-06-21 09:00:08,8.53,1099.6
2019-06-21 10:35:02,8.51,1127.9
2019-06-21 12:00:08,8.45,1144
2019-06-21 12:35:08,8.56,1120.1
2019-06-21 14:35:05,8.45,1164.5
2019-06-21 15:00:08,8.33,1168.4
2019-06-21 16:35:02,8.31,1170.7
2019-06-21 18:00:08,8.58,1130.2
2019-06-21 18:35:08,8.73,1125.1
2019-06-21 20:35:05,8.51,1097.5
2019-06-21 21:00:08,8.49,1107.7
2019-06-21 22:35:02,8.53,1133.5
2019-06-22 00:00:08,9.13,1143.7
2019-06-22 00:35:08,8.8,1153.5
2019-06-22 02:35:05,8.98,1132.1
2019-06-22 03:00:08,8.87,1118
2019-06-22 04:35:02,9.05,1145.6
2019-06-22 06:00:08,9.2,1129.6
2019-06-22 06:34:59,9.13,1114.1
2019-06-22 08:35:05,9.27,1115.3
2019-06-22 09:00:08,8.96,1097.4
2019-06-22 10:35:02,9,1096.5
2019-06-22 12:00:08,9.09,1075.3
2019-06-22 12:35:08,9.18,1063.7
2019-06-22 14:35:05,8.49,1076
2019-06-22 15:00:08,8.36,1128.5
2019-06-22 16:35:02,8.38,1135.6
2019-06-22 18:00:08,8.29,1109.9
2019-06-22 18:35:08,8.25,1117.7
2019-06-22 20:35:05,9.67,1021.3
2019-06-22 21:00:08,9.36,995
2019-06-22 22:35:02,9.07,1038.4
2019-06-23 00:00:08,9.53,941.2
2019-06-23 00:34:59,9.31,960.8
2019-06-23 02:35:05,9.2,1016.5
2019-06-23 03:00:08,9.05,1052.8
2019-06-23 04:35:02,8.36,1100.9
2019-06-23 06:00:08,8.25,1122.3
2019-06-23 06:35:08,8.22,1122.5
2019-06-23 08:35:05,9,991.1
2019-06-23 09:00:08,9.38,975.2
2019-06-23 10:35:02,8.91,891.5
2019-06-23 12:00:08,8.89,969.9
2019-06-23 12:35:08,8.8,983.5
2019-06-23 14:35:05,8.27,1095.2
2019-06-23 15:00:08,8.25,1106.7
2019-06-23 16:35:02,8.09,1153.9
2019-06-23 18:00:08,7.96,1176.1
2019-06-23 18:34:59,8.07,1138.6
2019-06-23 20:35:05,9.16,905.4
2019-06-23 21:00:08,9.33,911.2
2019-06-23 22:35:02,9.36,857.1
2019-06-24 00:00:08,8.42,1060.1
2019-06-24 00:34:59,8.51,1043.8
2019-06-24 02:34:56,8.38,1060.4
2019-06-24 03:00:08,8.42,1061.4
2019-06-24 04:35:02,8.25,1115.5
2019-06-24 06:00:08,8.09,1146.1
2019-06-24 06:34:59,8.16,1135.6
2019-06-24 08:35:05,8.11,1113.6
2019-06-24 09:00:08,8.73,1010.4
2019-06-24 10:35:02,8.89,992
2019-06-24 12:00:08,8.82,1017.5
2019-06-24 12:34:59,9.09,1021.6
2019-06-24 14:35:05,8.56,1109.8
2019-06-24 15:00:08,8.62,1106.8
2019-06-24 16:35:02,8,1192.5
2019-06-24 18:00:08,7.87,1235
2019-06-24 18:34:59,7.91,1231.9
2019-06-24 20:35:05,8.07,1192.1
2019-06-24 21:00:08,8.82,1104.3
2019-06-24 22:35:02,8.4,1131.7
2019-06-25 00:00:08,8.18,1182.8
2019-06-25 00:34:59,8.27,1146
2019-06-25 02:35:05,8.02,1228.4
2019-06-25 03:00:08,7.98,1242.7
2019-06-25 04:35:02,8.02,1230.2
2019-06-25 06:34:59,8.73,1012.8
2019-06-25 08:35:05,9.13,960.9
2019-06-25 09:00:08,8.85,1014.8
2019-06-25 10:35:02,8.73,1096.7
2019-06-25 12:00:08,8.09,1273.5
2019-06-25 12:35:08,8,1256.6
2019-06-25 14:35:05,7.96,1271.1
2019-06-25 15:00:08,7.94,1281.8
2019-06-25 16:35:02,8.45,1223.9
2019-06-25 18:00:08,8.2,1247.5
2019-06-25 18:34:59,8.71,1106
2019-06-25 20:35:05,8.96,878.1
2019-06-25 21:00:08,8.89,855.9
2019-06-25 22:35:02,8.4,1085.6
2019-06-26 00:00:08,8.33,1128.3
2019-06-26 00:34:59,8.36,1113.4
2019-06-26 02:35:05,8.27,1137.2
2019-06-26 03:00:08,8.16,1185.7
2019-06-26 04:35:02,8.25,1181.9
2019-06-26 06:00:08,8.42,1162.5
2019-06-26 06:34:59,8.56,1144.5
2019-06-26 08:35:05,8.85,1058.1
2019-06-26 09:00:08,8.82,1049.3
2019-06-26 10:35:02,8.91,1026.6
2019-06-26 12:00:08,9.38,1029.3
2019-06-26 12:34:59,9.6,978.2
2019-06-26 14:35:05,8.96,1047.1
2019-06-26 15:00:08,8.91,1098.4
2019-06-26 16:35:02,8.73,1113.2
2019-06-26 18:00:08,8.65,1148
2019-06-26 18:34:59,8.62,1120.5
2019-06-26 20:35:05,8.71,1031.6
2019-06-26 21:00:08,8.8,988.4
2019-06-26 22:35:02,8.76,949.9
2019-06-27 00:00:08,9.67,808.9
2019-06-27 00:34:59,9.47,824.2
2019-06-27 02:35:05,9.67,837.7
2019-06-27 03:00:08,9.71,847.2
2019-06-27 04:35:02,9.56,797.1
2019-06-27 06:00:08,9.22,871.7
2019-06-27 06:34:59,9.22,898.6
2019-06-27 08:34:56,8.91,947.6
2019-06-27 09:00:08,8.71,1004
2019-06-27 10:35:02,8.71,1061
2019-06-27 12:00:08,10,450.9
2019-06-27 12:34:59,9.69,478.1
2019-06-27 14:34:56,9.82,563.3
2019-06-27 15:00:08,10.05,511.3
2019-06-27 16:35:02,9.6,641.1
2019-06-27 18:00:08,9.91,536.5
2019-06-27 18:34:59,9.76,557.4
2019-06-27 20:35:05,9.47,692.4
2019-06-27 21:00:08,9.47,683.1
2019-06-27 22:35:02,11.12,191.6
2019-06-28 00:00:08,10.47,283.9
2019-06-28 00:34:59,10.34,337.6
2019-06-28 02:35:05,9.91,485.9
2019-06-28 03:00:08,9.96,491.8
2019-06-28 04:35:02,10.07,431.5
2019-06-28 06:00:08,9.89,522.6
2019-06-28 06:34:59,9.96,458.6
2019-06-28 08:35:05,10.52,484.6
2019-06-28 09:00:08,10.65,307.7
2019-06-28 10:35:02,11.28,181.6
2019-06-28 12:00:08,10.9,228.9
2019-06-28 12:34:59,10.9,216.8
2019-06-28 14:35:05,11.08,241.3
2019-06-28 15:00:08,11.23,213.6
2019-06-28 16:35:02,11.37,181.7
2019-06-28 18:00:08,11.32,166.4
2019-06-28 18:34:59,11.32,161.7
2019-06-28 20:34:56,11.32,157.3
2019-06-28 21:00:08,11.23,156.5
2019-06-28 22:35:02,11.32,152.1
2019-06-29 00:00:08,11.17,158.1
2019-06-29 00:34:59,11.35,158.2
2019-06-29 02:35:05,11.21,153.9
2019-06-29 03:00:08,11.19,156.1
2019-06-29 04:35:02,11.14,158.7
2019-06-29 06:00:08,11.17,160.7
2019-06-29 06:34:59,11.1,162
2019-06-29 08:34:56,11.57,163.7
2019-06-29 09:00:08,11.48,163.7
2019-06-29 10:35:02,11.5,171.8
2019-06-29 12:34:59,11.75,184.6
2019-06-29 14:34:56,11.82,197.9
2019-06-29 15:00:08,11.52,197.4
2019-06-29 16:35:02,11.43,190.5
2019-06-29 18:00:08,11.26,203.7
2019-06-29 18:34:59,11.03,194.2
2019-06-29 20:34:56,11.26,184.4
2019-06-29 21:00:08,11.26,188.8
2019-06-29 22:35:02,11.28,173.9
2019-06-30 00:00:08,12.45,152.8
2019-06-30 00:34:59,12.27,146.1
2019-06-30 02:35:05,11.77,163.6
2019-06-30 03:00:08,11.64,166.4
2019-06-30 04:35:02,11.52,180.4
2019-06-30 06:00:08,11.61,186.5
2019-06-30 06:34:59,11.28,184.4
2019-06-30 08:34:56,11.21,216.6
2019-06-30 09:00:08,11.19,201.2
2019-06-30 10:35:02,11.37,222.6
2019-06-30 12:00:08,11.59,208.8
2019-06-30 12:34:59,12.27,203.9
2019-06-30 14:34:56,12.06,202
2019-06-30 15:00:08,11.86,214.1
2019-06-30 16:35:02,12.31,208.2
2019-06-30 18:00:08,11.68,218.8
2019-06-30 18:34:59,11.61,213
2019-06-30 20:34:56,11.77,193.5
2019-06-30 21:00:08,11.61,171.1
2019-06-30 22:35:02,10.87,227.1
2019-07-01 00:00:08,10.9,248.3
2019-07-01 00:34:59,10.94,233.9
2019-07-01 02:34:56,12.02,174.4
2019-07-01 03:00:08,11.79,179.2
2019-07-01 04:35:02,12.27,212.5
2019-07-01 06:00:08,11.1,245.3
2019-07-01 06:34:59,10.87,290.5
2019-07-01 08:34:56,11.23,268.2
2019-07-01 09:00:08,11.1,265.6
2019-07-01 10:35:02,11.12,278.8
2019-07-01 12:00:08,11.1,290.7
2019-07-01 12:34:59,11.12,286.7
2019-07-01 14:34:56,11.17,297.6
2019-07-01 15:00:08,13.33,298.2
2019-07-01 16:35:02,11.66,331.5
2019-07-01 18:00:08,12.25,369.6
2019-07-01 18:34:59,12.04,361.3
2019-07-01 20:34:56,11.57,352.5
2019-07-01 21:00:08,11.73,338.4
2019-07-01 22:35:02,11.14,374.9
2019-07-02 00:00:08,11.35,339.5
2019-07-02 00:34:59,11.43,318.6
2019-07-02 02:34:56,11.37,325.1
2019-07-02 03:00:08,11.12,396.6
2019-07-02 04:35:02,12.09,368.4
2019-07-02 06:00:08,12.38,365.9
2019-07-02 06:34:59,12.09,380.5
2019-07-02 08:34:56,11.5,516.2
2019-07-02 09:00:08,11.05,549.8
2019-07-02 10:35:02,11.1,644.6
2019-07-02 12:00:08,10.87,800.4
2019-07-02 12:34:59,10.92,807.1
2019-07-02 14:34:56,11.14,975.7
2019-07-02 15:00:08,10.72,1029.9
2019-07-02 16:35:02,11.39,1109.6
2019-07-02 18:00:08,11.82,1235.9
2019-07-02 18:34:59,12.18,1246.1
2019-07-02 20:34:56,12.02,1322.2
2019-07-02 21:00:08,11.84,1340.4
2019-07-02 22:35:02,11.77,1385.5
2019-07-03 00:00:08,11.61,1483.5
2019-07-03 00:34:59,11.28,1481.1
2019-07-03 02:34:56,11.35,1644.7
2019-07-03 03:00:08,11.14,1665.9
2019-07-03 04:35:02,11.68,1708.9
2019-07-03 06:00:08,12,1710.7
2019-07-03 06:34:59,11.17,1617.1
2019-07-03 08:34:56,12.22,1596.9
2019-07-03 09:00:08,12.31,1566
2019-07-03 10:35:02,12.25,1492
2019-07-03 12:00:08,11.73,1399.9
2019-07-03 12:34:59,11.75,1315.3
2019-07-03 14:35:05,11.12,1294.1
2019-07-03 15:00:08,11.03,1278.1
2019-07-03 16:35:02,10.9,1292.2
2019-07-03 18:34:59,11.5,1058.5
2019-07-03 20:34:56,12.77,913.8
2019-07-03 21:00:08,12.45,868.6
2019-07-03 22:35:02,12.63,830.1
2019-07-04 00:00:08,11.35,760
2019-07-04 00:34:59,11.3,753.1
2019-07-04 02:34:56,11.3,689.9
2019-07-04 03:00:08,11.21,674.3
2019-07-04 04:35:02,10.87,724.4
2019-07-04 06:00:08,10.99,689.6
2019-07-04 06:34:59,10.87,649.7
2019-07-04 08:34:56,11.86,572.3
2019-07-04 09:00:08,12.11,545.5
2019-07-04 10:34:53,11.57,511
2019-07-04 12:00:08,11.52,476.7
2019-07-04 12:34:59,11.61,479.3
2019-07-04 14:34:56,10.43,568.9
2019-07-04 15:00:08,10.36,607.9
2019-07-04 16:35:02,10.58,636.9
2019-07-04 18:00:08,11.19,604.5
2019-07-04 18:34:59,11.19,550.2
2019-07-04 20:34:56,12.81,396.9
2019-07-04 21:00:08,12.63,355.6
2019-07-04 22:35:02,12.43,318.9
2019-07-05 00:00:08,10.52,394.6
2019-07-05 00:34:59,10.61,464
2019-07-05 02:34:56,10.34,502.9
2019-07-05 03:00:08,10.32,513.4
2019-07-05 04:35:02,11.5,375.8
2019-07-05 06:00:08,10.61,398.9
2019-07-05 06:34:59,10.96,322.3
2019-07-05 08:34:56,11.73,248.4
2019-07-05 09:00:08,11.55,233.7
2019-07-05 10:34:53,11.77,230.5
2019-07-05 12:00:08,12.06,225.6
2019-07-05 12:34:59,11.32,239.6
2019-07-05 14:34:56,10.4,366.6
2019-07-05 15:00:08,10.49,417.4
2019-07-05 16:35:02,10.29,440.7
2019-07-05 18:00:08,10.78,345.5
2019-07-05 18:34:59,11.28,268.6
2019-07-05 20:34:56,11.46,233.7
2019-07-05 21:00:08,12.09,201.5
2019-07-05 22:35:02,12.47,172
2019-07-06 00:00:08,12.54,189.2
2019-07-06 00:34:59,12.52,177
2019-07-06 02:34:56,11.17,209.3
2019-07-06 03:00:08,11.1,208.3
2019-07-06 04:34:53,11.19,226.4
2019-07-06 06:00:08,11.21,215.1
2019-07-06 06:34:59,11.26,211.2
2019-07-06 08:34:56,11.35,188.6
2019-07-06 09:00:08,11.41,182.9
2019-07-06 10:34:53,12.38,220.7
2019-07-06 12:00:08,11.95,256.8
2019-07-06 12:34:59,11.21,192.6
2019-07-06 14:34:56,11.48,221.6
2019-07-06 15:00:08,11.86,244.8
2019-07-06 16:35:02,11.91,225
2019-07-06 18:00:08,12.27,216.4
2019-07-06 18:34:59,11.7,230.9
2019-07-06 20:34:56,11.5,218.8
2019-07-06 21:00:08,11.52,210.9
2019-07-06 22:35:02,12.52,172.6
2019-07-07 00:00:08,12.06,195.9
2019-07-07 00:34:50,11.88,176.2
2019-07-07 02:34:56,11.39,205.8
2019-07-07 03:00:08,11.52,234.3
2019-07-07 04:34:53,11.19,313.2
2019-07-07 06:00:08,11.17,236.8
2019-07-07 06:34:59,11.75,267.4
2019-07-07 08:34:56,12.92,204.1
2019-07-07 09:00:08,12.99,198.4
2019-07-07 10:34:53,11.97,166.2
2019-07-07 12:00:08,11.75,142
2019-07-07 12:34:59,11.77,139.2
2019-07-07 14:34:56,11.05,209.2
2019-07-07 15:00:08,13.04,226.2
2019-07-07 16:34:53,10.76,243.3
2019-07-07 18:00:08,10.49,261.1
2019-07-07 18:34:59,10.36,312.4
2019-07-07 20:34:56,10.72,316.3
2019-07-07 21:00:08,10.58,291.3
2019-07-07 22:35:02,13.54,169.9
2019-07-08 00:34:59,12,174.3
2019-07-08 02:34:56,11.64,200.3
2019-07-08 03:00:08,11.66,204.1
2019-07-08 04:34:53,11.14,244.8
2019-07-08 06:00:08,11.17,225.1
2019-07-08 06:34:59,11.12,229.7
2019-07-08 08:34:56,11.21,271
2019-07-08 09:00:08,11.97,233.1
2019-07-08 10:34:53,10.81,262.6
2019-07-08 12:00:08,13.2,202.2
2019-07-08 12:34:59,12.31,175.8
2019-07-08 14:34:56,12.7,201.7
2019-07-08 15:00:08,11.23,221.7
2019-07-08 16:34:53,11.41,242.2
2019-07-08 18:00:08,11.37,222.2
2019-07-08 18:34:59,11.66,236.4
2019-07-08 20:34:56,10.94,246.2
2019-07-08 21:00:08,12.79,230.6
2019-07-08 22:35:02,11.52,202.8
2019-07-09 00:00:08,11.68,183.9
2019-07-09 00:34:59,14.38,164.5
2019-07-09 02:34:56,11.39,203.8
2019-07-09 03:00:08,11.79,185.8
2019-07-09 04:35:02,11.93,215.8
2019-07-09 06:00:08,10.67,284.1
2019-07-09 06:34:59,10.25,324.6
2019-07-09 08:34:56,10.85,300.8
2019-07-09 09:00:08,11.3,264.7
2019-07-09 10:34:53,11.48,239.1
2019-07-09 12:00:08,11.64,224.6
2019-07-09 12:34:59,11.7,231.5
2019-07-09 14:34:56,11.66,244.1
2019-07-09 15:00:08,11.97,224.6
2019-07-09 16:35:02,12.25,231.5
2019-07-09 18:00:08,11.28,303.4
2019-07-09 18:34:59,11.05,333.6
2019-07-09 20:34:56,10.23,553.9
2019-07-09 21:00:08,10.25,549.3
2019-07-09 22:34:53,10.49,470
2019-07-10 00:00:08,10.96,378.4
2019-07-10 00:34:59,10.81,345
2019-07-10 02:34:56,13.56,321.7
2019-07-10 03:00:08,13.26,308.6
2019-07-10 04:34:53,12.25,296.6
2019-07-10 06:00:08,11.35,394.9
2019-07-10 06:34:59,11.17,406.3
2019-07-10 08:34:56,9.76,621.8
2019-07-10 09:00:08,10.23,680.3
2019-07-10 10:34:53,10.02,705
2019-07-10 12:00:08,10.29,708.8
2019-07-10 12:34:59,10.27,718.6
2019-07-10 14:34:56,12.02,373.8
2019-07-10 15:00:08,13.26,322.2
2019-07-10 16:34:53,12.36,292.5
2019-07-10 18:00:08,11.59,370.7
2019-07-10 18:34:50,11.43,380.1
2019-07-10 20:34:56,10.63,502.7
2019-07-10 21:00:08,10.14,578.3
2019-07-10 22:34:53,10.43,633.1
2019-07-11 00:00:08,10.25,641.5
2019-07-11 00:34:59,10.2,609.9
2019-07-11 02:34:56,13.24,237.7
2019-07-11 03:00:08,13.22,233.4
2019-07-11 04:34:53,12.22,273
2019-07-11 06:00:08,12.25,285.9
2019-07-11 06:34:59,12.29,284.3
2019-07-11 08:34:56,11.1,369.4
2019-07-11 09:00:08,11.19,412.7
2019-07-11 10:35:02,11.35,339.5
2019-07-11 12:00:08,13.45,256.5
2019-07-11 12:34:59,13.38,222.1
2019-07-11 14:34:56,12.88,209.9
2019-07-11 15:00:08,12.72,226.7
2019-07-11 16:34:53,12.67,263
2019-07-11 18:00:08,12.74,275
2019-07-11 18:34:59,12.61,270.3
2019-07-11 20:34:56,13.47,241.7
2019-07-11 21:00:08,13.45,221.1
2019-07-11 22:34:53,13.79,215.4
2019-07-12 00:00:08,13.92,198.6
2019-07-12 00:34:59,13.99,192.4
2019-07-12 02:34:56,14.43,197.9
2019-07-12 03:00:08,14.54,191
2019-07-12 04:34:53,14.5,194.8
2019-07-12 06:34:59,14.43,200.1
2019-07-12 08:34:56,14.34,212.9
2019-07-12 09:00:08,14.34,213.5
2019-07-12 10:35:02,14.47,211.8
2019-07-12 12:00:08,14.43,216.8
2019-07-12 12:34:59,14.22,224.6
2019-07-12 14:34:56,14.5,214.2
2019-07-12 15:00:08,14.34,211
2019-07-12 16:34:53,14.13,207.6
2019-07-12 18:00:08,14.41,215
2019-07-12 18:34:50,14.34,213
2019-07-12 20:34:56,14.34,240.6
2019-07-12 21:00:08,15.12,242.3
2019-07-12 22:34:53,14.77,225
2019-07-13 00:00:08,14.52,230.6
2019-07-13 00:34:59,14.57,224.5
2019-07-13 02:34:56,14.24,227.2
2019-07-13 03:00:08,14.41,228.8
2019-07-13 04:34:53,14.54,224.9
2019-07-13 06:00:08,14.93,220.5
2019-07-13 06:34:59,14.41,224.6
2019-07-13 08:34:56,14.38,237.8
2019-07-13 09:00:08,14.7,234.9
2019-07-13 10:34:53,13.99,245.1
2019-07-13 12:00:08,15.05,223.2
2019-07-13 12:34:59,14.61,211.4
2019-07-13 14:34:56,13.97,252
2019-07-13 15:00:08,13.33,264.9
2019-07-13 16:35:02,13.31,292.3
2019-07-13 18:00:08,13.17,292.8
2019-07-13 18:34:59,14.06,269.2
2019-07-13 20:34:56,13.4,331
2019-07-13 21:00:08,13.67,309
2019-07-13 22:34:53,13.56,312.9
2019-07-14 00:00:08,15.28,252.1
2019-07-14 00:34:59,15.07,229.5
2019-07-14 02:34:56,14.86,229.8
2019-07-14 03:00:08,14.68,230
2019-07-14 04:34:53,13.56,255.6
2019-07-14 06:00:08,13.01,275.6
2019-07-14 06:34:50,12.88,284.3
2019-07-14 08:34:56,12.47,355.8
2019-07-14 09:00:08,12.4,357.4
2019-07-14 10:34:53,12.31,369.5
2019-07-14 12:00:08,13.04,303.9
2019-07-14 12:34:59,15.19,267.9
2019-07-14 14:34:56,14.59,256.7
2019-07-14 15:00:08,14.61,253.7
2019-07-14 16:34:53,13.86,277.7
2019-07-14 18:00:08,13.45,301.7
2019-07-14 18:34:59,13.15,320.2
2019-07-14 20:34:56,12.88,325.9
2019-07-14 21:00:08,12,336.9
2019-07-14 22:34:53,12.61,332.7
2019-07-15 00:00:08,13.33,295.1
2019-07-15 00:34:59,15.51,274.8
2019-07-15 02:34:56,14.7,241.7
2019-07-15 03:00:08,14.8,234
2019-07-15 04:34:53,13.24,241.5
2019-07-15 06:00:08,12.86,282
2019-07-15 06:34:59,12.95,291.2
2019-07-15 08:34:56,12.22,361.4
2019-07-15 09:00:08,11.77,453.7
2019-07-15 10:34:53,11.97,427.6
2019-07-15 12:00:08,12.02,377
2019-07-15 12:34:50,11.68,406.5
2019-07-15 14:34:56,14.36,332.7
2019-07-15 15:00:08,13.86,311.5
2019-07-15 16:34:53,13.26,333.4
2019-07-15 18:00:08,12.79,361.1
2019-07-15 18:34:59,12.92,358.5
2019-07-15 20:34:56,12.16,351.1
2019-07-15 21:00:08,11.84,360.5
2019-07-15 22:34:53,11.46,394.6
2019-07-16 00:00:08,12.31,344.4
2019-07-16 00:34:59,11.68,376.9
2019-07-16 02:34:56,12.67,339.6
2019-07-16 03:00:08,14.68,337.7
2019-07-16 04:34:53,13.9,335.5
2019-07-16 06:00:08,12.49,366.6
2019-07-16 06:34:59,12.29,396.3
2019-07-16 08:34:56,11.55,464
2019-07-16 09:00:08,11.35,459.2
2019-07-16 10:34:53,11.35,494.7
2019-07-16 12:34:59,12.31,429.1
2019-07-16 14:34:56,14.04,377.5
2019-07-16 15:00:08,14.57,365.5
2019-07-16 16:34:53,13.86,337.2
2019-07-16 18:00:08,13.24,380.6
2019-07-16 18:34:59,13.08,362.6
2019-07-16 20:34:56,11.97,456.7
2019-07-16 21:00:08,11.75,464.5
2019-07-16 22:34:53,11.28,460
2019-07-17 00:00:08,11.79,459.7
2019-07-17 00:34:59,13.47,466
2019-07-17 02:34:56,14.73,319
2019-07-17 03:00:08,14.7,312.3
2019-07-17 04:34:53,13.45,334.2
2019-07-17 06:00:08,12.97,339.9
2019-07-17 06:34:59,12.25,373
2019-07-17 08:34:56,11.1,420
2019-07-17 09:00:08,11.14,440
2019-07-17 10:34:53,11.86,471.3
2019-07-17 12:00:08,11.79,402.7
2019-07-17 12:34:59,13.08,377.3
2019-07-17 14:34:56,14.06,306.5
2019-07-17 15:00:08,13.92,319.2
2019-07-17 16:34:53,13.47,387.1
2019-07-17 18:00:08,12.13,391.9
2019-07-17 18:34:59,11.91,397.1
2019-07-17 20:34:56,12.58,352
2019-07-17 21:00:08,13.33,357.4
2019-07-17 22:34:53,12.18,333
2019-07-18 00:00:08,12.31,345.4
2019-07-18 00:34:59,11.84,426.4
2019-07-18 02:34:56,14.47,363.2
2019-07-18 03:00:08,13.4,340.7
2019-07-18 04:34:53,14.15,278.3
2019-07-18 06:00:08,12.72,297.8
2019-07-18 06:34:59,12.86,315.7
2019-07-18 08:34:56,12.95,380.3
2019-07-18 09:00:08,12.47,414.3
2019-07-18 10:34:53,12.92,402.5
2019-07-18 12:00:08,12.86,418
2019-07-18 12:34:50,12.72,437.5
2019-07-18 14:34:56,11.66,461.9
2019-07-18 15:00:08,12.65,480.5
2019-07-18 16:34:53,13.99,308.4
2019-07-18 18:00:08,14.73,306.2
2019-07-18 18:34:59,14.2,308.8
2019-07-18 20:34:56,14.15,310.5
2019-07-18 21:00:08,14.22,300.5
2019-07-18 22:34:53,15.35,289.3
2019-07-19 00:00:08,13.99,268.7
2019-07-19 00:34:59,13.88,268.8
2019-07-19 02:34:56,14.38,274.7
2019-07-19 03:00:08,15.53,257.9
2019-07-19 04:34:53,15.03,250.7
2019-07-19 06:00:08,14.43,307.4
2019-07-19 06:34:50,14.61,300.5
2019-07-19 08:34:56,13.72,325.9
2019-07-19 09:00:08,13.97,310.6
2019-07-19 10:34:53,14.73,325.9
2019-07-19 12:00:08,14.73,308.8
2019-07-19 12:34:59,14.57,291.2
2019-07-19 14:34:56,13.26,349.2
2019-07-19 15:00:08,12.86,354.8
2019-07-19 16:34:53,13.26,434.9
2019-07-19 18:00:08,14.41,313.2
2019-07-19 18:34:50,13.45,315.6
2019-07-19 20:34:56,12.16,467.5
2019-07-19 21:00:08,12.2,424.8
2019-07-19 22:34:53,13.83,375
2019-07-20 00:00:08,12.79,386
2019-07-20 00:34:59,12.43,396
2019-07-20 02:34:56,11.61,443.4
2019-07-20 03:00:08,11.66,465.9
2019-07-20 04:34:53,11.97,501.2
2019-07-20 06:00:08,10.61,582.3
2019-07-20 06:34:59,11.1,524.4
2019-07-20 08:34:56,12.38,487
2019-07-20 09:00:08,11.91,482.6
2019-07-20 10:34:53,12.04,584.7
2019-07-20 12:00:08,11.17,683.6
2019-07-20 12:34:59,10.52,735.3
2019-07-20 14:34:56,9.69,1000.2
2019-07-20 15:00:08,9.6,1060
2019-07-20 16:34:53,9.67,1000.8
2019-07-20 18:34:50,10.52,819
2019-07-20 20:34:56,10.85,774.5
2019-07-20 21:00:08,10.94,734.2
2019-07-20 22:34:53,10.54,699.8
2019-07-21 00:00:08,11.48,662.4
2019-07-21 00:34:50,9.71,810.2
2019-07-21 02:34:56,9.53,1080.7
2019-07-21 03:00:08,9.05,1206.3
2019-07-21 04:34:53,9.07,1450.1
2019-07-21 06:00:08,8.71,1424.6
2019-07-21 06:34:59,9.53,1349.9
2019-07-21 08:34:56,9.38,1247.5
2019-07-21 09:00:08,9.85,1162.6
2019-07-21 10:34:53,9.27,1240.6
2019-07-21 12:00:08,9.05,1356.1
2019-07-21 12:34:50,8.98,1383.1
2019-07-21 14:34:56,9.56,1289.7
2019-07-21 15:00:08,9.13,1390
2019-07-21 16:34:53,8.51,1653.7
2019-07-21 18:00:08,8.45,1588.2
2019-07-21 18:34:50,9,1551.5
2019-07-21 20:34:56,9.47,1318
2019-07-21 21:00:08,9.58,1321.6
2019-07-21 22:34:53,10.18,1182.6
2019-07-22 00:00:08,9.78,1134.7
2019-07-22 00:34:50,9.31,1127.6
2019-07-22 02:34:56,8.87,1331.2
2019-07-22 03:00:08,8.87,1317.5
2019-07-22 04:34:53,9.58,1124.9
2019-07-22 06:00:08,10.09,1037.5
2019-07-22 06:34:50,9.87,1053
2019-07-22 08:34:56,10.2,1147.5
2019-07-22 09:00:08,9.65,1114.5
2019-07-22 10:34:53,9,1348.7
2019-07-22 12:00:08,9.05,1488.6
2019-07-22 12:34:59,9.76,1349.6
2019-07-22 14:34:56,10.76,1011.3
2019-07-22 15:00:08,10.85,980.2
2019-07-22 16:34:53,9.56,1205.6
2019-07-22 18:00:08,9.89,1127.9
2019-07-22 18:34:50,10.09,1058
2019-07-22 20:34:56,10.23,1263.5
2019-07-22 21:00:08,9.82,1282.6
2019-07-22 22:34:53,9.85,1553.3
2019-07-23 00:00:08,8.82,1413.4
2019-07-23 00:34:50,9.33,1344.4
2019-07-23 02:34:56,8.87,1484
2019-07-23 03:00:08,9.47,1495
2019-07-23 04:34:53,11.5,793.9
2019-07-23 06:00:08,12.56,746
2019-07-23 06:34:50,12.4,731.5
2019-07-23 08:34:56,9.71,1146.2
2019-07-23 09:00:08,9.38,1271.1
2019-07-23 10:34:53,9,1301.1
2019-07-23 12:00:08,9.13,1442.7
2019-07-23 12:34:50,9.18,1440.1
2019-07-23 14:34:56,8.76,1684.1
2019-07-23 15:00:08,9.05,1652.6
2019-07-23 16:34:53,9.6,1078.3
2019-07-23 18:00:08,10.99,921
2019-07-23 18:34:59,11.12,1014.5
2019-07-23 20:34:56,9.47,1175.4
2019-07-23 21:00:08,9.29,1282.5
2019-07-23 22:34:53,9.76,1364.3
2019-07-24 00:00:08,9.38,1415.3
2019-07-24 00:34:50,9.29,1465.7
2019-07-24 02:34:56,12.47,999.7
2019-07-24 03:00:08,12.02,892.4
2019-07-24 04:34:53,10.96,724.3
2019-07-24 06:00:08,9.8,922.3
2019-07-24 06:34:50,9.76,1143.2
2019-07-24 08:34:56,9.51,1349
2019-07-24 09:00:08,9.27,1428.1
2019-07-24 10:34:53,9.05,1606.4
2019-07-24 12:00:08,9.02,1634.3
2019-07-24 12:34:50,9.07,1629.9
2019-07-24 14:34:56,12.63,877.8
2019-07-24 15:00:08,10.58,815.7
2019-07-24 16:34:53,9.6,1058.4
2019-07-24 18:00:08,9.47,1216.6
2019-07-24 18:34:50,9.74,1249.4
2019-07-24 20:34:56,9.4,1533.2
2019-07-24 21:00:08,8.82,1525.6
2019-07-24 22:34:53,8.67,1598.4
2019-07-25 00:34:50,8.93,1380.2
2019-07-25 02:34:56,10.54,919.9
2019-07-25 03:00:08,11.19,834
2019-07-25 04:34:53,10.2,839
2019-07-25 06:00:08,9.05,1301.3
2019-07-25 06:34:50,9.11,1380.8
2019-07-25 08:34:56,8.87,1503
2019-07-25 09:00:08,8.82,1536.4
2019-07-25 10:34:53,8.62,1680.1
2019-07-25 12:00:08,8.67,1610.2
2019-07-25 12:34:50,9.25,1581.4
2019-07-25 14:34:56,11.26,825.6
2019-07-25 15:00:08,12.83,818
2019-07-25 16:34:53,10.83,846.1
2019-07-25 18:00:08,9.91,1233.5
2019-07-25 18:34:50,9.31,1285.7
2019-07-25 20:34:56,9.49,1322.5
2019-07-25 21:00:08,9.2,1283.2
2019-07-25 22:34:53,8.65,1499.6
2019-07-26 00:00:08,8.69,1362
2019-07-26 00:34:50,8.62,1417.3
2019-07-26 02:34:56,9.27,969.7
2019-07-26 03:00:08,8.89,1018
2019-07-26 04:34:53,9.96,805.2
2019-07-26 06:00:08,9.91,1077.2
2019-07-26 06:34:50,9.85,1162.7
2019-07-26 08:34:56,8.51,1617.2
2019-07-26 09:00:08,8.25,1823.6
2019-07-26 10:34:53,8.29,1580.9
2019-07-26 12:00:08,8.2,1801.8
2019-07-26 12:34:50,8.2,1891.2
2019-07-26 14:34:56,8.13,1971.1
2019-07-26 15:00:08,8.16,1983.1
2019-07-26 16:34:53,9.69,1431.6
2019-07-26 18:00:08,10.11,1184.1
2019-07-26 18:34:50,9.87,1554.5
2019-07-26 20:34:56,8.25,1767.5
2019-07-26 21:00:08,8.16,1915.8
2019-07-26 22:34:53,8.2,1944
2019-07-27 00:00:08,8.45,1913
2019-07-27 00:34:50,8.27,1860.4
2019-07-27 02:34:56,8.38,1545.9
2019-07-27 03:00:08,8.36,1504.8
2019-07-27 04:34:53,8.47,1521.3
2019-07-27 06:00:08,8.58,1471.4
2019-07-27 06:34:50,8.38,1593.1
2019-07-27 08:34:56,8.05,1560.6
2019-07-27 09:00:08,7.91,1466.9
2019-07-27 10:34:53,7.91,1428.7
2019-07-27 12:00:08,7.89,1411.6
2019-07-27 12:34:50,7.98,1584.4
2019-07-27 14:34:56,8.22,1762.4
2019-07-27 15:00:08,8.16,1759.6
2019-07-27 16:34:53,8.36,1761.4
2019-07-27 18:00:08,8.49,1761.1
2019-07-27 18:34:50,8.56,1751.8
2019-07-27 20:34:56,8.82,1622.9
2019-07-27 21:00:08,8.71,1630.4
2019-07-27 22:34:53,8.58,1644.3
2019-07-28 00:00:08,8.62,1706.8
2019-07-28 00:34:50,8.33,1721.4
2019-07-28 02:34:56,8.18,1688.8
2019-07-28 03:00:08,8.16,1664.7
2019-07-28 04:34:53,8.33,1669.5
2019-07-28 06:00:08,8.42,1608.9
2019-07-28 06:34:50,8.53,1585.8
2019-07-28 08:34:48,8.93,1584.2
2019-07-28 09:00:08,9.4,1585.2
2019-07-28 10:34:53,9.2,1530.2
2019-07-28 12:00:08,8.69,1567.3
2019-07-28 12:34:50,8.62,1567.5
2019-07-28 14:34:48,8.6,1631.6
2019-07-28 15:00:08,8.62,1647.7
2019-07-28 16:34:53,8.82,1705.9
2019-07-28 18:00:08,8.8,1701.2
2019-07-28 18:34:50,9,1678.5
2019-07-28 20:34:48,8.93,1588.8
2019-07-28 21:00:08,8.96,1554
2019-07-28 22:34:53,9.18,1312.1
2019-07-29 00:00:08,9.22,1110.5
2019-07-29 00:34:50,9.27,1129.6
2019-07-29 02:34:48,8.82,1391.3
2019-07-29 03:00:08,8.85,1391.7
2019-07-29 04:34:53,8.51,1592.5
2019-07-29 06:34:50,8.42,1651.2
2019-07-29 08:34:56,8.51,1693.3
2019-07-29 09:00:08,8.51,1725.9
2019-07-29 10:34:53,8.33,1780.3
2019-07-29 12:00:08,8.33,1702.1
2019-07-29 12:34:50,9.36,1536.4
2019-07-29 14:34:56,8.96,1482.6
2019-07-29 15:00:08,8.69,1591.8
2019-07-29 16:34:53,8.47,1724.6
2019-07-29 18:00:08,8.42,1747.8
2019-07-29 18:34:50,8.47,1755.9
2019-07-29 20:34:56,9.27,1512.6
2019-07-29 21:00:08,9.36,1481.6
2019-07-29 22:34:53,9.58,1319.9
2019-07-30 00:00:08,8.96,1375.5
2019-07-30 00:34:50,8.38,1499.9
2019-07-30 02:34:48,8.4,1648.6
2019-07-30 03:00:08,8.33,1623.1
2019-07-30 04:34:53,8.53,1663.9
2019-07-30 06:00:08,8.71,1622.7
2019-07-30 06:34:50,8.71,1590.8
2019-07-30 08:34:48,8.07,1511.5
2019-07-30 09:00:08,8.33,1558.8
2019-07-30 10:34:53,8.78,1492.2
2019-07-30 12:00:08,9.27,1278.6
2019-07-30 12:34:50,9.2,1211
2019-07-30 14:34:48,8.69,1390
2019-07-30 15:00:08,8.62,1437.5
2019-07-30 16:34:53,8.05,1760.3
2019-07-30 18:00:08,8.07,1817.3
2019-07-30 18:34:50,8.09,1806.3
2019-07-30 20:34:56,8.53,1632.5
2019-07-30 21:00:08,8.58,1575.6
2019-07-30 22:34:53,9.07,1246
2019-07-31 00:00:08,9.91,1077
2019-07-31 00:34:50,9.78,865.1
2019-07-31 02:34:56,9.22,966
2019-07-31 03:00:08,8.85,1180.6
2019-07-31 04:34:53,8.58,1446.5
2019-07-31 06:00:08,8.29,1576.5
2019-07-31 06:34:50,8.29,1662.5
2019-07-31 08:34:48,8.58,1548.1
2019-07-31 09:00:08,8.51,1563.9
2019-07-31 10:34:45,9,1400.6
2019-07-31 12:00:08,9.38,1172
2019-07-31 12:34:50,9.2,1197.7
2019-07-31 14:34:48,9.27,931.8
2019-07-31 15:00:08,9.22,935.3
2019-07-31 16:34:53,8.47,1455
2019-07-31 18:00:08,8.38,1633.9
2019-07-31 18:34:50,8.45,1644.2
2019-07-31 20:34:48,8.58,1584.8
2019-07-31 21:00:08,8.67,1561.1
2019-07-31 22:34:53,8.73,1461.4
2019-08-01 00:00:08,9,1286
2019-08-01 00:34:50,9.09,1212.9
2019-08-01 02:34:48,9.51,871.4
2019-08-01 03:00:08,9.4,865.7
2019-08-01 04:34:53,9.2,932.9
2019-08-01 06:00:08,9.11,1043.3
2019-08-01 06:34:50,9.13,1051.3
2019-08-01 08:34:48,8.76,1347.1
2019-08-01 09:00:08,8.53,1491.4
2019-08-01 10:34:53,8.42,1645
2019-08-01 12:00:08,8.67,1668.4
2019-08-01 12:34:50,8.91,1438.7
2019-08-01 14:34:48,9.51,1224
2019-08-01 15:00:08,9.65,1092.8
2019-08-01 16:34:53,9.13,1057.6
2019-08-01 18:00:08,8.78,1343
2019-08-01 18:34:50,8.69,1367.2
2019-08-01 20:34:48,8.71,1387.3
2019-08-01 21:00:08,8.69,1401.4
2019-08-01 22:34:45,8.45,1376.7
2019-08-02 00:00:08,8.87,1251.1
2019-08-02 00:34:50,8.89,1191.6
2019-08-02 02:34:48,9.47,1005.1
2019-08-02 03:00:08,9.4,1020.4
2019-08-02 04:34:53,9.16,1060
2019-08-02 06:00:08,8.87,1200.4
2019-08-02 06:34:50,8.98,1217.4
2019-08-02 08:34:48,8.73,1355.6
2019-08-02 09:00:08,8.76,1348.9
2019-08-02 10:34:53,8.76,1367.1
2019-08-02 12:34:50,8.91,1263.2
2019-08-02 14:34:48,10.23,1087.8
2019-08-02 15:00:08,9.96,947.2
2019-08-02 16:34:53,8.69,1115.7
2019-08-02 18:00:08,8.56,1457.9
2019-08-02 18:34:50,8.58,1487.6
2019-08-02 20:34:48,8.82,1400.5
2019-08-02 21:00:08,8.65,1370.4
2019-08-02 22:34:45,8.85,1415
2019-08-03 00:00:08,8.76,1344.8
2019-08-03 00:34:50,10.29,1020.8
2019-08-03 02:34:48,9.74,841.5
2019-08-03 03:00:08,9.58,832.6
2019-08-03 04:34:45,9.22,967.9
2019-08-03 06:00:08,8.96,1161.3
2019-08-03 06:34:50,9.07,1119.9
2019-08-03 08:34:48,9.16,1044.2
2019-08-03 09:00:08,9.13,1012.1
2019-08-03 10:34:53,10.27,733.8
2019-08-03 12:00:08,10.38,530.6
2019-08-03 12:34:50,10.29,516.7
2019-08-03 14:34:48,10.58,682.7
2019-08-03 15:00:08,10.38,646.3
2019-08-03 16:34:53,9.65,807
2019-08-03 18:00:08,9.51,943
2019-08-03 18:34:50,9.27,1021.8
2019-08-03 20:34:48,11.91,385.1
2019-08-03 21:00:08,11.59,420.5
2019-08-03 22:34:53,10.05,696.9
2019-08-04 00:00:08,9.65,810.6
2019-08-04 00:34:50,10.18,725.5
2019-08-04 02:34:48,10.25,751.9
2019-08-04 03:00:08,10.2,743.9
2019-08-04 04:34:45,9.91,834.9
2019-08-04 06:00:08,12,611.5
2019-08-04 06:34:50,12.47,460.1
2019-08-04 08:34:48,11.7,487.1
2019-08-04 09:00:08,11.48,499.7
2019-08-04 10:34:45,10.38,619.5
2019-08-04 12:00:08,10.09,716.4
2019-08-04 12:34:50,10.45,673.8
2019-08-04 14:34:48,10.36,750.8
2019-08-04 15:00:08,10.11,729
2019-08-04 16:34:53,10.67,652.7
2019-08-04 18:00:08,10.23,767.2
2019-08-04 18:34:50,10.32,737.4
2019-08-04 20:34:48,9.91,644.9
2019-08-04 21:00:08,9.62,804.7
2019-08-04 22:34:45,9.62,729.8
2019-08-05 00:00:08,9.51,820
2019-08-05 00:34:50,9.49,857.9
2019-08-05 02:34:48,9.51,885.6
2019-08-05 03:00:08,9.4,865.7
2019-08-05 04:34:45,9.07,1006
2019-08-05 06:00:08,8.93,1064.5
2019-08-05 06:34:50,9.18,1015
2019-08-05 08:34:48,9.51,949.8
2019-08-05 09:00:08,8.93,1002.3
2019-08-05 10:34:45,9.58,784.9
2019-08-05 12:00:08,9.47,965.4
2019-08-05 12:34:50,9.22,972.4
2019-08-05 14:34:48,9.27,1018.4
2019-08-05 15:00:08,8.96,1088.7
2019-08-05 16:34:53,8.71,1222.1
2019-08-05 18:00:08,8.73,1315.2
2019-08-05 18:34:50,8.69,1354.8
2019-08-05 20:34:48,8.71,1337.8
2019-08-05 21:00:08,10.32,1250.4
2019-08-05 22:34:45,9.11,965.5
2019-08-06 00:00:08,10.34,667.2
2019-08-06 00:34:50,9.91,616.7
2019-08-06 02:34:48,9.45,720.1
2019-08-06 03:00:08,11.95,734.4
2019-08-06 04:34:45,9.13,824
2019-08-06 06:00:08,9.09,1095.3
2019-08-06 06:34:50,8.98,1143.1
2019-08-06 08:34:48,9.09,1130.7
2019-08-06 09:00:08,9.09,1226.3
2019-08-06 10:34:45,9.05,1112
2019-08-06 12:00:08,10.11,941.5
2019-08-06 12:34:50,9.94,850.8
2019-08-06 14:34:48,10.29,561.1
2019-08-06 15:00:08,10.63,543.1
2019-08-06 16:34:53,9.82,688
2019-08-06 18:34:50,9.42,828
2019-08-06 20:34:48,8.73,1261
2019-08-06 21:00:08,9.09,1214.4
2019-08-06 22:34:45,9.09,1222.4
2019-08-07 00:00:08,8.69,1231.1
2019-08-07 00:34:50,8.89,1200.6
2019-08-07 02:34:48,9.58,916.2
2019-08-07 03:00:08,9.67,862
2019-08-07 04:34:45,9.58,658.2
2019-08-07 06:00:08,9.67,568.2
2019-08-07 06:34:50,9.53,538.2
2019-08-07 08:34:48,9.33,823.8
2019-08-07 09:00:08,9.33,840.6
2019-08-07 10:34:45,9.05,1075
2019-08-07 12:00:08,8.69,1224.5
2019-08-07 12:34:50,8.67,1243.8
2019-08-07 14:34:48,9.11,1081.1
2019-08-07 15:00:08,9.29,1056.8
2019-08-07 16:34:45,9.96,835.5
2019-08-07 18:00:08,10.14,864.2
2019-08-07 18:34:50,9.58,797.2
2019-08-07 20:34:48,9,1079.7
2019-08-07 21:00:08,9,1075.9
2019-08-07 22:34:45,8.91,1175.1
2019-08-08 00:00:08,9.05,1039.2
2019-08-08 00:34:50,9.05,1043.7
2019-08-08 02:34:48,9.09,839.1
2019-08-08 03:00:08,9.47,963.8
2019-08-08 04:34:45,9.38,891
2019-08-08 06:00:08,9.36,910.3
2019-08-08 06:34:50,9.38,899.8
2019-08-08 08:34:48,9.13,1015.5
2019-08-08 09:00:08,8.91,1081.4
2019-08-08 10:34:45,8.91,1130.6
2019-08-08 12:00:08,9,1223.9
2019-08-08 12:34:50,8.96,1271.3
2019-08-08 14:34:48,10.07,880.6
2019-08-08 15:00:08,9.62,806
2019-08-08 16:34:45,9.27,871.5
2019-08-08 18:00:08,9.31,918.1
2019-08-08 18:34:50,9.27,925
2019-08-08 20:34:48,9.25,859.3
2019-08-08 21:00:08,9.25,912.5
2019-08-08 22:34:45,8.8,1118.5
2019-08-09 00:00:08,8.73,1283.9
2019-08-09 00:34:42,9.02,1276.9
2019-08-09 02:34:48,8.82,1422.2
2019-08-09 03:00:08,8.8,1453.3
2019-08-09 04:34:45,9.96,795.1
2019-08-09 06:00:08,9.96,590.3
2019-08-09 06:34:50,9.76,566.1
2019-08-09 08:34:48,9.25,647.7
2019-08-09 09:00:08,9.2,729.4
2019-08-09 10:34:45,8.87,1040.3
2019-08-09 12:00:08,8.89,1201
2019-08-09 12:34:50,8.93,1236.9
2019-08-09 14:34:48,8.65,1389.1
2019-08-09 15:00:08,8.62,1387.3
2019-08-09 16:34:45,8.87,1033.2
2019-08-09 18:00:08,9.78,599.5
2019-08-09 18:34:50,9.56,656.9
2019-08-09 20:34:48,9.38,779.8
2019-08-09 21:00:08,9.27,790.1
2019-08-09 22:34:45,8.96,847
2019-08-10 00:00:08,9.05,1039.3
2019-08-10 00:34:42,9,1133.1
2019-08-10 02:34:48,9.36,955.6
2019-08-10 03:00:08,9.2,923.1
2019-08-10 04:34:45,9.62,857.6
2019-08-10 06:00:08,9.62,866.3
2019-08-10 06:34:50,9.51,862.6
2019-08-10 08:34:48,10.45,437.8
2019-08-10 09:00:08,10.36,437.5
2019-08-10 10:34:45,9.98,640.6
2019-08-10 12:00:08,10.05,749.6
2019-08-10 12:34:50,9.69,745.7
2019-08-10 14:34:48,9.69,955
2019-08-10 15:00:08,9.47,983.6
2019-08-10 16:34:45,9.33,1045.2
2019-08-10 18:00:08,9.45,921.9
2019-08-10 18:34:42,10.78,494.6
2019-08-10 20:34:48,10.76,419.4
2019-08-10 21:00:08,10.96,367.3
2019-08-10 22:34:45,10.9,370.7
2019-08-11 00:34:50,10.05,702.7
2019-08-11 02:34:48,10.36,739.6
2019-08-11 03:00:08,10.11,627.3
2019-08-11 04:34:45,9.6,950.9
2019-08-11 06:00:08,11.28,450.3
2019-08-11 06:34:42,10.81,402.3
2019-08-11 08:34:48,10.38,461.1
2019-08-11 09:00:08,10.25,597.6
2019-08-11 10:34:45,10.34,665.2
2019-08-11 12:00:08,10.14,731.3
2019-08-11 12:34:50,10.92,760.2
2019-08-11 14:34:48,9.98,774.5
2019-08-11 15:00:08,10.09,805.4
2019-08-11 16:34:45,10.52,613.9
2019-08-11 18:00:08,10.58,623.1
2019-08-11 18:34:50,11.48,484.3
2019-08-11 20:34:48,10.9,452.3
2019-08-11 21:00:08,10.58,509.7
2019-08-11 22:34:45,10.54,567.7
2019-08-12 00:00:08,10.2,747.9
2019-08-12 00:34:42,10.2,697.1
2019-08-12 02:34:48,10.52,726.5
2019-08-12 03:00:08,10.58,763.4
2019-08-12 04:34:45,12.11,371.6
2019-08-12 06:00:08,12.95,365.7
2019-08-12 06:34:42,12.49,366.5
2019-08-12 08:34:48,11.66,314.1
2019-08-12 09:00:08,11.59,338.4
2019-08-12 10:34:45,11.52,361.2
2019-08-12 12:00:08,10.4,557.2
2019-08-12 12:34:42,10,748.2
2019-08-12 14:34:48,9.91,1097.6
2019-08-12 15:00:08,9.98,1172
2019-08-12 16:34:45,11.64,729.4
2019-08-12 18:00:08,11.7,547.5
2019-08-12 18:34:50,12.72,440.5
2019-08-12 20:34:48,11.82,421.5
2019-08-12 21:00:08,11.73,426.7
2019-08-12 22:34:45,11.52,438.8
2019-08-13 00:00:08,11.35,503.5
2019-08-13 00:34:50,11.12,525.2
2019-08-13 02:34:48,11.19,662.1
2019-08-13 03:00:08,11.03,647.3
2019-08-13 04:34:45,10.96,536.2
2019-08-13 06:00:08,12.4,551.1
2019-08-13 06:34:42,13.47,478.3
2019-08-13 08:34:48,13.08,433.5
2019-08-13 09:00:08,12.16,442.1
2019-08-13 10:34:45,11.35,491
2019-08-13 12:00:08,10.38,677.9
2019-08-13 12:34:42,10.78,754.5
2019-08-13 14:34:48,10.36,916.1
2019-08-13 15:00:08,12.97,788.3
2019-08-13 16:34:45,11.32,509.4
2019-08-13 18:00:08,14.02,393.1
2019-08-13 18:34:42,13.54,350.5
2019-08-13 20:34:48,12.06,410.8
2019-08-13 21:00:08,11.95,449.1
2019-08-13 22:34:45,11.32,609.4
2019-08-14 00:00:08,11.37,571.4
2019-08-14 00:34:42,11.48,487
2019-08-14 02:34:48,12.34,415.7
2019-08-14 03:00:08,12.97,387.2
2019-08-14 04:34:45,12.63,348.9
2019-08-14 06:00:08,13.26,371.3
2019-08-14 06:34:42,13.04,398.1
2019-08-14 08:34:48,11.46,558.5
2019-08-14 09:00:08,11.57,576.3
2019-08-14 10:34:45,11.28,554.7
2019-08-14 12:00:08,11.28,637.9
2019-08-14 12:34:50,10.81,652.5
2019-08-14 14:34:48,10.99,706.5
2019-08-14 15:00:08,10.76,696.3
2019-08-14 16:34:45,11.08,701.7
2019-08-14 18:00:08,12.9,682.5
2019-08-14 18:34:42,13.58,580.9
2019-08-14 20:34:48,13.06,510.7
2019-08-14 21:00:08,12.25,477.7
2019-08-14 22:34:45,11.91,507.1
2019-08-15 00:00:08,11.46,592.4
2019-08-15 00:34:42,11.61,586
2019-08-15 02:34:48,11.64,559
2019-08-15 03:00:08,11.64,575.3
2019-08-15 04:34:45,11.79,559.9
2019-10-13 20:34:30,9.76,2089.9
2019-10-13 21:00:08,9.6,2133.3
2019-10-13 22:34:36,9.98,2252.3
2019-10-14 00:00:08,9.96,1987
2019-10-14 00:34:33,9.89,1905.9
2019-10-14 02:34:30,9.8,2104.4
2019-10-14 03:00:08,9.76,2130.5
2019-10-14 04:34:36,9.78,2298.1
2019-10-14 06:00:08,9.96,2343.4
2019-10-14 06:34:33,9.91,2246.1
2019-10-14 08:34:30,9.53,2101.1
2019-10-14 09:00:08,9.42,2098.2
2019-10-14 10:34:36,9.4,2255.8
2019-10-14 12:00:08,9.38,2123.9
2019-10-14 12:34:33,9.33,1943.4
2019-10-14 14:34:30,9.69,1874.6
2019-10-14 15:00:08,9.94,1841.9
2019-10-14 16:34:36,10,1516
2019-10-14 18:00:08,10.7,1275.5
2019-10-14 18:34:33,10.52,1123.5
2019-10-14 20:34:30,10.09,1000.1
2019-10-14 21:00:08,10.07,984.1
2019-10-14 22:34:36,10,916.4
2019-10-15 00:00:08,9.8,914.7
2019-10-15 00:34:33,9.69,961.6
2019-10-15 02:34:30,9.56,1012.4
2019-10-15 03:00:08,9.87,1036
2019-10-15 04:34:36,9.94,1033.4
2019-10-15 06:00:08,9.89,1037.6
2019-10-15 06:34:33,10.02,981
2019-10-15 08:34:30,10.09,943.9
2019-10-15 09:00:08,10.09,944.2
2019-10-15 10:34:36,9.78,919.5
2019-10-15 12:00:08,9.29,1028.4
2019-10-15 12:34:33,9.11,1095.3
2019-10-15 14:34:30,9.2,1259.2
2019-10-15 15:00:08,9.11,1268
2019-10-15 16:34:27,9.45,1319.1
2019-10-15 18:00:08,9.62,1358.2
2019-10-15 18:34:33,9.71,1358.4
2019-10-15 20:34:30,10.18,1285.1
2019-10-15 21:00:08,9.91,1205.7
2019-10-15 22:34:36,9.58,1132.5
2019-10-16 00:00:08,9.42,1213.7
2019-10-16 00:34:33,9.38,1232.9
2019-10-16 02:34:30,9.76,1329.6
2019-10-16 03:00:08,9.53,1340.4
2019-10-16 04:34:27,9.38,1397.9
2019-10-16 06:00:08,9.33,1522.9
2019-10-16 06:34:33,9.25,1577.9
2019-10-16 08:34:30,9.36,1681.2
2019-10-16 09:00:08,9.87,1750.6
2019-10-16 10:34:36,9.62,1710.6
2019-10-16 12:00:08,9.45,1545.1
2019-10-16 12:34:33,9.27,1479.8
2019-10-16 14:34:30,9.51,1640.9
2019-10-16 15:00:08,9.25,1680.6
2019-10-16 16:34:27,9.49,1361.5
2019-10-16 18:00:08,9.8,1190.3
2019-10-16 18:34:24,9.53,1091.2
2019-10-16 20:34:30,9.76,837.4
2019-10-16 21:00:08,10.07,831.9
2019-10-16 22:34:27,9.69,800.9
2019-10-17 00:00:08,9.74,742.4
2019-10-17 00:34:33,9.76,738.1
2019-10-17 02:34:30,9.51,849.4
2019-10-17 03:00:08,9.71,855.2
2019-10-17 04:34:36,10.34,698.7
2019-10-17 06:00:08,10.07,614.7
2019-10-17 06:34:33,10.05,623.8
2019-10-17 08:34:30,9.96,611.3
2019-10-17 09:00:08,9.94,612.2
2019-10-17 10:34:27,9.89,600.8
2019-10-17 12:00:08,10.05,573.4
2019-10-17 12:34:33,10.09,562.1
2019-10-17 14:34:30,10.16,550.6
2019-10-17 15:00:08,10.25,556.5
2019-10-17 16:34:27,10.36,559.7
2019-10-17 18:00:08,11.5,578.3
2019-10-17 18:34:33,11.79,558.3
2019-10-17 20:34:30,11.48,534.8
2019-10-17 21:00:08,11.48,531.6
2019-10-17 22:34:27,11.35,533.8
2019-10-18 00:00:08,11.39,513.4
2019-10-18 02:34:30,11.5,457.3
2019-10-18 03:00:08,11.5,441.4
2019-10-18 04:34:27,11.48,452.6
2019-10-18 06:00:08,11.64,484.6
2019-10-18 06:34:33,11.64,493.7
2019-10-18 08:34:30,11.48,467.8
2019-10-18 09:00:08,11.43,457.1
2019-10-18 10:34:27,11.3,460.4
2019-10-18 12:00:08,11.35,445.4
2019-10-18 12:34:33,11.46,435.6
2019-10-18 14:34:30,11.21,432.8
2019-10-18 15:00:08,11.21,416
2019-10-18 16:34:27,11.19,427.1
2019-10-18 18:00:08,11.26,439.5
2019-10-18 18:34:24,11.26,434.9
2019-10-18 20:34:30,11.26,455.8
2019-10-18 21:00:08,11.23,459
2019-10-18 22:34:27,11.52,457.5
2019-10-19 00:00:08,11.23,419.7
2019-10-19 00:34:33,11.26,423.1
2019-10-19 02:34:30,11.46,433.5
2019-10-19 03:00:08,11.46,426.3
2019-10-19 04:34:27,11.46,435.4
2019-10-19 06:00:08,11.5,424.6
2019-10-19 06:34:33,11.59,430.2
2019-10-19 08:34:30,11.5,428.8
2019-10-19 09:00:08,11.5,435.9
2019-10-19 10:34:27,11.64,451.5
2019-10-19 12:00:08,11.39,488.6
2019-10-19 12:34:33,11.48,500
2019-10-19 14:34:30,11.55,527.4
2019-10-19 15:00:08,11.52,528.9
2019-10-19 16:34:27,11.55,535.1
2019-10-19 18:00:08,11.59,514.2
2019-10-19 18:34:33,11.59,496.1
2019-10-19 20:34:30,11.68,487.9
2019-10-19 21:00:08,11.68,483.6
2019-10-19 22:34:27,11.64,501.2
2019-10-20 00:00:08,11.64,486.7
2019-10-20 00:34:33,11.73,479.1
2019-10-20 02:34:30,11.77,434.2
2019-10-20 03:00:08,11.75,426.9
2019-10-20 04:34:27,11.7,428.8
2019-10-20 06:00:08,11.79,420.4
2019-10-20 06:34:24,11.86,405.5
2019-10-20 08:34:30,11.86,415.7
2019-10-20 09:00:08,11.88,407.6
2019-10-20 10:34:27,11.91,422.3
2019-10-20 12:00:08,12.06,436.1
2019-10-20 12:34:33,12.09,445.3
2019-10-20 14:34:30,12.16,444.7
2019-10-20 15:00:08,12.18,443.5
2019-10-20 16:34:27,12.2,431
2019-10-20 18:00:08,12.25,433.9
2019-10-20 18:34:33,12.29,423.4
2019-10-20 20:34:30,12.36,431.5
2019-10-20 21:00:08,12.36,432.9
2019-10-20 22:34:27,12.38,456.1
2019-10-21 00:00:08,12.16,472.9
2019-10-21 00:34:33,12.2,491.3
2019-10-21 02:34:30,12.16,506.6
2019-10-21 03:00:08,12.16,498.7
2019-10-21 04:34:27,12.2,507.5
2019-10-21 06:00:08,12.22,498.2
2019-10-21 06:34:24,12.22,485.6
2019-10-21 08:34:30,12.25,495.3
2019-10-21 09:00:08,12.25,496.8
2019-10-21 10:34:27,12.18,516.8
2019-10-21 12:00:08,12.34,567
2019-10-21 12:34:33,12.34,576.1
2019-10-21 14:34:30,12.2,609.2
2019-10-21 15:00:08,12.22,617.7
2019-10-21 16:34:27,12.29,545.6
2019-10-21 18:00:08,12.27,526.1
2019-10-21 18:34:33,12.27,506.5
2019-10-21 20:34:30,12.25,492.2
2019-10-21 21:00:08,12.29,476.9
2019-10-21 22:34:27,12.18,510.2
2019-10-22 00:00:08,12.38,504.5
2019-10-22 00:34:24,12.56,512.3
2019-10-22 02:34:30,12.67,597.3
2019-10-22 03:00:08,12.65,606.8
2019-10-22 04:34:27,12.65,623.5
2019-10-22 06:00:08,12.67,629.3
2019-10-22 08:34:30,12.7,588.4
2019-10-22 09:00:08,12.7,573.8
2019-10-22 10:34:27,12.77,585.7
2019-10-22 12:00:08,12.74,580.9
2019-10-22 12:34:33,12.74,579.2
2019-10-22 14:34:30,12.72,575.9
2019-10-22 15:00:08,12.7,572.7
2019-10-22 16:34:27,12.7,575.9
2019-10-22 18:00:08,12.58,555.4
2019-10-22 18:34:24,12.63,552.4
2019-10-22 20:34:30,12.83,540.5
2019-10-22 21:00:08,12.83,550.5
2019-10-22 22:34:27,12.86,556.8
2019-10-23 00:00:08,12.86,602.7
2019-10-23 00:34:33,12.88,592.9
2019-10-23 02:34:30,12.88,579.7
2019-10-23 03:00:08,12.88,563.9
2019-10-23 04:34:27,12.88,558.4
2019-10-23 06:00:08,12.88,569.1
2019-10-23 06:34:33,12.88,566.5
2019-10-23 08:34:30,12.88,557.8
2019-10-23 09:00:08,12.9,540.5
2019-10-23 10:34:27,12.9,493.7
2019-10-23 12:00:08,12.9,490.8
2019-10-23 12:34:33,12.83,497.7
2019-10-23 14:34:30,12.88,574.3
2019-10-23 15:00:08,12.9,590.2
2019-10-23 16:34:27,12.92,683
2019-10-23 18:00:08,12.97,782.2
2019-10-23 18:34:33,12.99,799.6
2019-10-23 20:34:30,12.97,846.5
2019-10-23 21:00:08,12.95,837.1
2019-10-23 22:34:27,12.97,770.8
2019-10-23 23:34:30,13.04,758.2
2019-10-24 00:00:08,12.97,732.6
